,term,TF-IDF
1524,tuju,10.35643684939782
89,atur,9.029142593346625
359,dn,8.812536050913337
690,keras,7.990902573473491
1328,seksual,7.10040872373605
1612,zinah,6.808739022855128
1412,suka,6.730847833569088
740,korban,6.557146578815505
221,bsa,6.443663008278487
70,aoa,6.075944967496014
1011,ndak,5.6953567821740245
711,klw,5.3273963508446345
1171,permendikbud,5.112840114633247
429,gak,4.770833498698492
1104,org,4.586925318510331
1505,tri,4.586205555939799
528,hukum,4.575512870212537
775,laku,4.561321613962992
798,legal,4.2940970542947925
76,aq,4.284558661361759
1134,pasal,4.190435255992225
1194,pks,4.111896383083335
1170,permen,4.025897510079485
649,kampus,3.9869166750621123
1486,tindak,3.9407871724833083
611,jga,3.7339910314513887
420,ga,3.650987874662578
1551,undang,3.6368463542176688
138,bebas,3.5840157894738107
759,kuhp,3.4269589122248245
200,bnr,3.3998774581265656
1358,sex,3.3668452118997862
1569,uu,3.246098168660076
1271,revisi,3.14620153219653
525,hrs,3.114007935008517
53,anak,3.100578659118938
1012,negara,3.054355961480245
1066,no,3.0431239708013447
796,leceh,2.884329088208922
1420,susila,2.872416830282706
332,didik,2.8524169196183706
1299,salah,2.8483227466560743
224,buat,2.8479736981893407
622,jngan,2.78704883141386
103,baca,2.732157574782141
195,blm,2.6897950725761577
18,agama,2.664502600780904
243,byk,2.6204601945949255
1540,udah,2.5775608640449277
296,dalem,2.512714604442069
1543,udh,2.4680448869048197
555,indonesia,2.432113478134916
1203,poligami,2.3924625931608325
1495,tolak,2.372210940912852
710,klu,2.3490673044915935
1514,tsb,2.292443276569589
1555,untk,2.2491424869705394
1295,ruu,2.2331170618619747
140,beda,2.2263368308513587
1110,otak,2.168542005755593
1173,permendikbudristek,2.081135828486923
1359,sexual,2.0169752701200405
74,apologize,1.9771945716900658
1345,senjata,1.963534801091244
432,ganti,1.9542642881646597
872,masalh,1.9526303529302642
1559,urus,1.8943058000274002
846,mahasiswi,1.8719111075667088
107,bae,1.856360849887813
417,frase,1.8456384787645916
845,mahasiswa,1.8320104870788643
930,mlh,1.7820606247907291
817,lindung,1.7788900998991068
364,dosen,1.7778779874101194
1365,sila,1.7697220631046562
781,lanjut,1.7586119725175815
583,iya,1.7093247535295837
1469,terap,1.6763061164686015
635,kadrun,1.659677142848909
173,bicara,1.6403131465614937
1427,syah,1.6021274892641924
911,mesum,1.5954980772251177
943,mnjdi,1.594458293696904
869,mas,1.5811101910558931
333,diem,1.5644416643992534
1167,perkosa,1.558780221297968
607,jerat,1.547162483690636
569,isi,1.5419916656695523
653,karna,1.5335420823234749
1118,paham,1.5184478723001436
968,muhammad,1.5100930496430007
779,langgar,1.4869561262192155
1162,perempuan,1.476117584263838
792,lbh,1.4626924021017549
637,kait,1.4550436984304556
894,mendikbud,1.4430883666187353
685,kena,1.4275943920459864
491,hamil,1.4136495458993958
71,apa,1.4043496922985155
662,kayak,1.3905032035702973
790,lawan,1.3902676234157632
595,jaman,1.3762213141839652
826,logika,1.3652291463884056
368,dpt,1.3588920496561274
1418,sus,1.3573676908963157
58,andarwati,1.3573676908963157
1059,nikah,1.3525978690586473
602,jd,1.348885131174179
986,nadiem,1.3374489845791224
209,boleh,1.3335711466706026
275,coba,1.332963594810891
1236,purnomo,1.3291810925443228
713,knp,1.329065470985997
453,gimana,1.3226008915919116
1164,perintah,1.321928829017311
629,justeru,1.3207661975369613
1499,tpi,1.3162612587729738
1093,oke,1.3111186246828854
1498,tp,1.3100579478198877
970,mui,1.308032308019296
783,lapor,1.2908926628857453
1123,paksa,1.2739131684720717
1584,wanita,1.2700684878022952
860,mana,1.267923123645623
1132,partai,1.265023965672603
623,jokowi,1.2628994036078134
43,allah,1.260139190078436
454,gin,1.258338665175622
593,jalan,1.251299660042035
1304,sampek,1.2512390868752816
559,inget,1.2446261034687887
730,konteks,1.239969656960929
502,hasil,1.2389926205683306
1445,tangan,1.2314705664867236
457,gitu,1.2174452914256397
1114,pacar,1.216349704126193
1430,syariat,1.2124507722082452
255,cegah,1.2085716889469145
1070,norma,1.2029799455878936
1326,sekolah,1.1912931558966946
403,faham,1.190734031648837
495,hapus,1.1816785078288934
229,bukti,1.1814970728676761
1416,suruh,1.179530078206609
1536,tutup,1.1769104958528946
410,fihak,1.1743072888530521
992,nama,1.1740890662562045
1255,ranah,1.1695705570363224
785,larang,1.1613592913028015
1518,ttp,1.1513716682951094
30,akhsan,1.1445994354766122
59,andi,1.1445994354766122
542,ikat,1.1433296092850282
1408,suara,1.1368061304208936
293,dah,1.1366209913114351
178,bila,1.1207779743015012
377,dukung,1.1205084094766644
830,lu,1.1000591196117915
54,ancam,1.0924311735678764
108,bagai,1.0878664555134283
543,ikut,1.087476236709874
677,kelas,1.0867047282784623
1444,tanda,1.086477639105822
1183,pikir,1.0788553822609317
831,luar,1.0732197397156802
251,cari,1.073123148461674
947,moral,1.0727074236805323
170,bgt,1.0720997019417542
1124,panca,1.0702024926387381
44,alluxes,1.0684538006884465
643,kali,1.0664113295744466
496,haram,1.0624741744105937
948,moril,1.0613735379821434
246,cabut,1.0554810691832928
269,cium,1.0525609374576914
155,bentrok,1.0518130306365725
109,bagus,1.0369916765168303
1566,usul,1.0286920980900405
617,jk,1.0275254666673908
228,buka,1.0166825957998658
1611,zina,1.0140297932018858
858,malu,1.0115457956701244
1394,solusi,1.0056930786090412
149,benaar,1.0
476,guru,0.9973325464340315
634,kadron,0.9931826546599547
773,laki,0.9914390341908275
1461,temen,0.989163951227745
1146,pecat,0.9792635772443836
245,cabul,0.9723271729100246
658,kaum,0.9689259409000699
64,anggauta,0.9644868547958316
1546,ulama,0.9522155570806612
1047,ngomong,0.9519333374828977
111,bahas,0.9456491323098173
840,macem,0.9452544300242183
414,fokus,0.9440103794377614
1202,polemik,0.9420371470323841
1419,susah,0.9394877303100055
1219,presiden,0.9377588259779661
841,maen,0.9377376396773538
1182,pidana,0.9374499082907036
304,dasar,0.9351819387618122
660,kawin,0.9348862738171093
61,anehny,0.9309901787513792
901,menrisex,0.9301941549843047
1465,tentang,0.9272339216567081
1250,rakyat,0.925409940971222
987,nadim,0.9231569899258543
843,maha,0.9230210599507267
286,cpt,0.9194952913172507
540,ijin,0.9139719764979012
574,isteri,0.9120099897163986
1325,sek,0.9076216022122752
15,aduh,0.9071147550472186
1436,tafsir,0.9042656108438316
570,islam,0.9014058334897433
297,dalih,0.9010751259622695
1259,rasuk,0.898050234701672
1330,sekulib,0.896400293606139
1452,tau,0.8943872470547195
807,lgbt,0.8902735438710635
842,mah,0.8890956320498716
770,lacur,0.8863369883624628
25,ajar,0.8840559665673693
1552,uninstal,0.8758764532809841
1332,selangkang,0.8726402644172002
62,anggap,0.8686129029590632
1040,ngeres,0.8607509635172721
1103,orang,0.8577993884265598
576,istri,0.8566873719372985
521,hotel,0.852724063032678
73,api,0.8521580094287988
1115,pada,0.8486781188743497
1459,teman,0.8467867733972343
451,giat,0.8460650185697575
133,bayar,0.8443313061592298
1181,photo,0.8416341051818466
1521,tubuh,0.84068365956244
1487,tinggal,0.8386586922617523
148,belok,0.8311403951570191
1334,selese,0.8304477445235825
39,alesanya,0.8281945023223616
479,gw,0.8249224304556817
431,gampang,0.8225770181587256
707,kl,0.8217469472598228
973,mulu,0.8211107796261696
1384,sllu,0.8207079726132247
153,bener,0.8175630455048186
388,efek,0.8172509839275375
1574,very,0.813052495274474
866,manusia,0.8122938598465372
524,hr,0.8114553300284599
439,gaul,0.8101343158994596
1044,nggak,0.8069870646162707
60,ane,0.8016114630790392
467,goreng,0.8005432699479246
1290,rugi,0.7995046495382035
530,huruf,0.798748528699231
976,mundur,0.7925750484331322
1512,trus,0.7922675868603037
412,fisi,0.7921085321701569
254,cecep,0.7912391593723819
1485,timbul,0.7900205972255804
459,gk,0.7878828818806238
1347,sentuh,0.7830934431472469
1156,penting,0.7776058080574747
996,nangiss,0.773273281491188
381,dunia,0.7704910511580897
879,mati,0.7701515441844028
573,islamis,0.768178257796545
588,jadi,0.7677237476102845
1046,ngojek,0.7619919418489273
191,bla,0.7603388128810745
904,menteri,0.7598981045095045
945,moga,0.7567887834570857
923,mk,0.7547548473540907
1281,riza,0.7540801339519272
762,kun,0.7540801339519272
393,enak,0.7540445002682721
1014,negeri,0.7483246995243675
105,bacot,0.7480141689962592
1531,tunggu,0.746415947495829
1154,penjara,0.7455154850670377
1081,nyerang,0.7444409845726387
1120,pakai,0.7379020406171615
821,literasi,0.7332309057785156
366,doyan,0.7329479205845332
156,bentuk,0.7319177735112261
1135,pasang,0.7286985213187162
358,dmitrii,0.7275158009798954
1,aborsi,0.7267191882265812
233,bungkus,0.7184860082661055
1283,rkuhp,0.7149339248042432
764,kurng,0.7118565853773432
664,kbbi,0.7115988401016673
1099,online,0.7099946039957133
1572,verbal,0.7090478768738584
280,comot,0.7087071556549066
898,mengmangtap,0.7071067811865476
906,menyimaak,0.7071067811865476
1535,turuut,0.7071067811865476
688,kentu,0.7071067811865476
49,ambigu,0.704812189061363
1178,perzinahan,0.7036979974917126
1523,tuhan,0.7036440983391532
1455,tdk,0.702960533759196
565,inti,0.7027809713032972
810,lha,0.7021241660302309
1077,nyampe,0.6998271063725574
654,kasi,0.698716623597406
1350,serah,0.6977194695162883
1234,pun,0.697487308997463
813,liat,0.6890115073069848
1207,pondasi,0.6860217214880895
1458,teliti,0.6837255042790538
426,gaduh,0.6819391632303022
1316,sebab,0.6804847952430537
1256,rancang,0.6789657512099233
1429,syarat,0.6788640465769277
1227,proses,0.676883269868342
1368,simak,0.6767032778654989
84,assalamualaikum,0.6762354156974871
1383,slesai,0.6761721999256158
641,kalang,0.6752284079605111
1303,sampe,0.672379771226273
857,males,0.6712982908856654
2,abu,0.6704427006379434
899,meni,0.6692295157035556
1441,tambah,0.667366089217976
1294,rush,0.667070379174431
306,day,0.667070379174431
56,ancur,0.6670644461038611
8,adap,0.6667092484832775
768,kyk,0.6654945839911766
398,esa,0.6644458855889596
493,hancur,0.6621468819394163
953,mreka,0.6621043004937623
113,baik,0.6603607882068399
1329,seksualitas,0.6586565552580375
489,halal,0.6517096245678278
806,lg,0.6495423991604268
503,hati,0.6466446951542864
825,lobang,0.6423056167154958
644,kalimat,0.6385208270845651
21,ahirnya,0.6380879794338653
14,adu,0.6345092971055023
598,jatuh,0.6338494083832136
75,apps,0.6337065062825524
1159,penzinahan,0.6326199549013238
1067,nolak,0.6323930339553047
1187,pinjol,0.6311123258226177
352,dlm,0.627545174491078
606,jepang,0.627153080718525
954,mrk,0.6243077001116182
519,hormat,0.6209144215299433
124,banyak,0.6194591683180461
199,bngt,0.6193958516531984
144,belah,0.6190154275316018
327,dian,0.6180609101480014
262,chanel,0.6180609101480014
506,hehehe,0.6179860380133674
1593,wilayah,0.6170756074362352
309,debat,0.6160929419461385
1478,tetap,0.6148967379853321
303,darurat,0.614808401877417
378,duli,0.6136523800507293
1008,naudzubillah,0.6134525268654901
1292,rujuk,0.6134525268654901
1370,single,0.6129986808730066
130,bawa,0.612932977659927
126,barat,0.6084780196976411
847,main,0.6051960008377681
135,bbas,0.6026464024973047
1379,skrg,0.6026260510061072
3,acak,0.6021090422149192
1139,paud,0.5990158883275489
612,jgn,0.5979488853528924
223,bu,0.5961397959663787
824,lo,0.5946748402007471
1534,turun,0.5942426204221319
1473,terima,0.5919763390127128
472,gtu,0.5901232343211688
188,bisnis,0.5901232343211688
777,lancar,0.5901232343211688
290,culun,0.5901232343211688
774,laksana,0.5900302147751203
1494,tokoh,0.589716164179947
544,ilegal,0.5893369072841455
667,kcuali,0.5891259999105701
41,alias,0.5875532177342876
351,dll,0.5856773755790016
47,aman,0.5850045806120386
1075,nuntut,0.5845618555419843
854,maksud,0.5824183229265294
717,komen,0.5799145658317513
1333,selesai,0.5780824935560641
386,editingnya,0.5773502691896257
91,audio,0.5773502691896257
1130,parah,0.5773502691896257
66,anjir,0.5773502691896257
596,jancukk,0.5773502691896257
1600,woahh,0.5773502691896257
452,gilir,0.5760054580597698
527,hubung,0.5742051255333864
1052,ngucap,0.5737367460475269
1084,nyumpahin,0.5737367460475269
1179,pesantren,0.5708459982260115
311,definisi,0.5706096218485395
329,dias,0.5704741612251855
264,channel,0.5704741612251855
372,drpd,0.5697217865676232
0,aamiin,0.5684647738445725
342,direfisi,0.5683303043990415
42,alih,0.5666713527044054
401,etika,0.5662146669641981
1005,nasional,0.5659065076962428
1094,oknum,0.5632466988990551
1355,sesuai,0.5618032440359766
683,kemayu,0.5597966494728465
520,host,0.5565110794530475
787,las,0.5565110794530475
500,hasanudin,0.5551695235588898
134,bayu,0.5551695235588898
669,ke,0.5546985930480661
1031,ngatur,0.5542927804779684
693,kers,0.5542927804779684
1550,umur,0.5527131296775823
704,kiamat,0.5503455142218516
99,azab,0.54714546784762
1280,risikoberikhtilath,0.5460444351501476
185,bingung,0.5460444351501476
1045,ngoceh,0.5437694338788845
376,duh,0.5431179419144458
1043,ngga,0.5424167720818087
838,ma,0.5422623922439197
435,garis,0.5417921154956272
655,kasih,0.5380190371887138
1142,payung,0.5367580695879552
497,harap,0.5311442393643091
395,engkau,0.5311442393643091
119,bang,0.5306565777495631
1258,rasa,0.5306225797435568
1446,tangap,0.5289423116537662
795,lebih,0.5286357283936727
428,gaji,0.5286357283936727
801,legalitas,0.5276444011456383
985,nabi,0.526754366481884
1578,wafat,0.526754366481884
57,anda,0.5257250006444247
1073,nu,0.5238148051982234
1484,thohir,0.5231374261019633
177,bikin,0.5223839809267801
283,contoh,0.5213964102976745
86,atas,0.5204812271274324
95,ayat,0.5161271996184797
331,dibrantas,0.5147145879139375
744,kota,0.5137347303988873
661,kaya,0.5123459210595198
12,adil,0.5118247176760079
1545,uji,0.5112779031474652
1556,untung,0.5112582080516842
312,deh,0.5103550652922042
172,bibir,0.5088489833962548
45,ama,0.5060957431337835
315,demokrasi,0.5046558333604069
416,foto,0.5042613369832597
383,dzulfiqar,0.5021659880365248
1027,ngapain,0.5017811748795452
1138,patuh,0.5011269398503461
292,daerah,0.49964215497048886
935,mna,0.4996153336815007
556,indra,0.4983076831130001
382,dur,0.4980242821586727
477,gus,0.4980242821586727
1269,repot,0.4980242821586727
1098,onar,0.4966358622642666
387,edukasi,0.4956246002547161
1563,usia,0.4954502501178455
1439,tajam,0.4946515763980137
1402,sriyati,0.49432997638317766
323,dewi,0.49432997638317766
1437,tahu,0.490556573614251
1042,ngeyel,0.487609513229259
1229,protes,0.4870733924059709
718,komentar,0.48634180465201526
379,duluan,0.48512781519493686
1588,waswas,0.4842083874863117
1320,sedih,0.4826994087092328
1425,sy,0.48152617900030675
749,kritik,0.47834450049499805
886,mekanisme,0.476660689651378
703,khusus,0.47475615009903555
1238,putih,0.4744832842393131
1089,oh,0.4718765007212893
319,depan,0.47019713320079937
450,ghost,0.4678911701640967
1398,sosoh,0.4678911701640967
1026,ngapah,0.4678911701640967
613,jhon,0.4678911701640967
878,materi,0.46760411141023156
1056,niat,0.46632885875048163
1079,nyata,0.46359003113884933
875,masyarakat,0.4622130705052071
276,cock,0.46147962484934163
793,lbih,0.46147962484934163
338,dikemendikbud,0.46147962484934163
1125,pandai,0.4589419959257592
423,gabisa,0.45864026339729536
256,celah,0.4567063764800058
1367,silah,0.45619884362078045
469,gosong,0.4546549214056144
206,bodoh,0.45333631440561595
147,beliau,0.45310206712560863
1447,tanggung,0.45310206712560863
1513,truskan,0.45042956616014895
341,dimcok,0.45042956616014895
1257,randir,0.4504070884318677
984,myth,0.4504070884318677
1613,zinahnya,0.4504070884318677
253,cebong,0.4504070884318677
562,innalilahi,0.4472135954999579
552,inalilahi,0.4472135954999579
1570,uun,0.4472135954999579
1287,rooji,0.4472135954999579
1577,wa,0.4472135954999579
1374,situ,0.4450998739753988
418,fundamental,0.44506071244458023
1598,wkwkwwkwk,0.44506071244458023
917,milik,0.44506071244458023
728,konsevatif,0.44506071244458023
340,diksi,0.44466369454767
455,ginian,0.4444898194661918
499,harus,0.4443470142184784
314,delik,0.44234417047411145
175,bijak,0.44216417799458074
1225,prof,0.4410432539276741
988,naf,0.4410432539276741
1564,ustad,0.4399243857026416
4,acc,0.4399243857026416
480,habib,0.4399243857026416
37,alat,0.4397127134220542
400,etik,0.43945869839835505
715,kode,0.43945869839835505
971,multi,0.43886425412883545
890,memang,0.4380701206802702
811,lho,0.4380701206802702
871,masalah,0.43625195353485524
1456,tekan,0.43583462946723917
176,bik,0.43529445768016595
1210,pornografi,0.43307352772084934
1041,ngerti,0.43189791596116345
512,hilang,0.43105434714212565
367,dpr,0.4308198463999
1362,sibuk,0.4293437278718268
481,habit,0.4293437278718268
187,bisa,0.4293437278718268
427,gagal,0.4293437278718268
1327,seks,0.4268549584370791
682,keluarga,0.42662770651973436
523,hpus,0.42475693194967384
1339,sempat,0.42444856253160074
1148,pegang,0.42224172724569864
1199,poin,0.4193475573041331
632,kacau,0.41693239106377306
587,jabat,0.41693239106377306
1080,nyeleneh,0.41693239106377306
1410,subtantif,0.41693239106377306
1401,spt,0.41646957255745826
993,namax,0.4147249674067752
914,mikir,0.41387674252118406
978,murid,0.4134823158343566
150,benar,0.41325289274256494
848,maju,0.4128979799029916
591,jahat,0.41252701994264174
51,amburadul,0.41234818167703186
115,bales,0.4118739463750564
316,denda,0.41108493820930353
1599,wnf,0.41065521464831584
407,fattah,0.41065521464831584
402,euy,0.41065521464831584
236,buset,0.41065521464831584
589,jaga,0.4102237850316877
1108,ortu,0.40943314967537675
895,mendikbudristek,0.4083435218907363
346,ditandatangani,0.4083435218907363
1568,utama,0.4077834603428574
434,gara,0.4075555009677795
727,konsep,0.4072843360269176
1151,pemendikbud,0.40409953456077935
456,giring,0.40336336577180126
605,jenis,0.403262321310196
758,kucingmasjid,0.4019891050399784
436,garuk,0.40186245004340343
65,anggota,0.40186245004340343
487,hal,0.40142938397493094
803,legowo,0.4004432329747452
910,mesti,0.40007686306992507
1509,trnyta,0.3993010763344904
371,drone,0.3993010763344904
812,liar,0.3989950665581724
1076,nyalahin,0.3989950665581724
23,ahli,0.39770640801829654
1322,segalasesuatu,0.39770640801829654
674,kehancuranya,0.39770640801829654
526,hrus,0.3965369353838599
1254,rame,0.3961322233711249
1074,nunggu,0.39600200068666835
832,luas,0.39599660603392756
1277,rifki,0.3948633096460619
409,fauzi,0.3948633096460619
750,kritisi,0.3948633096460619
1055,ngusulin,0.3948633096460619
818,lingkung,0.39467264456797296
112,bahasa,0.3942880735708061
1587,wassalamu,0.392741117637033
34,alaikum,0.392741117637033
504,hdp,0.3924076697334604
1424,swt,0.3924076697334604
1596,wkwkkwkw,0.38991834542264775
568,is,0.3875711452363035
789,law,0.3875711452363035
1482,the,0.3875711452363035
1279,rinci,0.3875711452363035
81,art,0.3875711452363035
1335,selingkuh,0.3875598802597393
1237,putera,0.3869617971480048
322,dewangga,0.3869617971480048
757,kucing,0.38578499011723477
1442,tameng,0.38448872239461945
22,ahklak,0.38412130824491736
167,berzinah,0.3840437882749336
181,bimbing,0.3840437882749336
1582,walau,0.38311600397831896
636,kaedah,0.3794398289483411
1604,xmbelgedesh,0.37834167808184643
975,muncul,0.37761155768141996
849,makan,0.3773024948819663
160,berantas,0.37679437507746527
1508,trmksh,0.37654121360714854
680,kelompok,0.376040654491829
484,hahaha,0.3751635168250561
1297,sahkan,0.37359307528751207
94,ayam,0.3720641658488505
128,basuki,0.3717732191998679
1276,ridwan,0.3717732191998679
1286,rok,0.37083535473239676
225,bubar,0.37083535473239676
836,lutut,0.37083535473239676
1492,tlg,0.3698015626882681
110,bahagia,0.3686486542383557
671,kecebong,0.3686486542383557
447,gerebek,0.3686486542383557
1197,plis,0.3685841333901391
538,iin,0.3685841333901391
754,kuad,0.3685841333901391
1096,om,0.3663818756901555
1224,produk,0.3663818756901555
1071,novel,0.3663818756901555
755,kuat,0.3641669172249531
1095,olah,0.36392514142955834
1191,pisik,0.3630912381136669
729,kontak,0.3630912381136669
681,keluar,0.36258203535457706
220,bs,0.36258203535457706
63,anggar,0.36258203535457706
1023,ngaca,0.36253711077078693
584,iye,0.36253711077078693
1000,napa,0.36253711077078693
1601,woi,0.36253711077078693
816,lihat,0.3620764946352146
1275,ribut,0.362045804873079
1166,perkara,0.3590382341587088
946,mora,0.3590382341587088
1222,private,0.3590382341587088
554,individu,0.3590382341587088
1009,nawarin,0.35890606893782356
336,dijadiin,0.35890606893782356
1090,ohh,0.35890606893782356
36,alami,0.35887140997872363
1088,oenggagas,0.35763406589312613
1196,plaku,0.35763406589312613
1369,simpul,0.357083726255935
1354,sesk,0.3561682734992852
227,bujuk,0.3561682734992852
657,kategori,0.3550336635569629
891,memeng,0.35409732588451703
1533,tuntut,0.3534004463377894
1306,sanak,0.3534004463377894
670,kebiri,0.35333809041907593
1062,nila,0.3508667748188182
146,belanga,0.3508667748188182
1293,rusak,0.3508667748188182
1421,susu,0.3508667748188182
137,beban,0.3508229709460548
1223,pro,0.3508229709460548
163,berfikirnya,0.3508229709460548
1270,resiko,0.3496670515218745
205,bodoamat,0.3496670515218745
212,borr,0.3496670515218745
893,mendi,0.3496670515218745
1209,populasi,0.3493054060200923
797,ledak,0.3493054060200923
1057,nie,0.3493054060200923
1049,ngotot,0.3493054060200923
990,nakarim,0.34867628964132635
1417,survey,0.34867628964132635
1448,tangkap,0.3479196904940899
868,marak,0.3479196904940899
689,kepo,0.3479196904940899
449,gg,0.34605813997000007
68,ank,0.34605813997000007
624,judul,0.34523269036593945
1479,tetep,0.34443399041658246
1527,tukang,0.34415637883546496
626,julidz,0.34292505655424477
590,jah,0.34165679158937345
1305,samping,0.34155344445037383
887,melakukkan,0.34155344445037383
24,aj,0.3405710474182667
308,deal,0.3405710474182667
967,muhamdiah,0.3405710474182667
981,musyawarah,0.3405710474182667
485,hahha,0.3389758740931963
1141,payah,0.3389758740931963
828,lot,0.3389758740931963
991,nalar,0.3389758740931963
1102,oposisi,0.3389758740931963
1537,tv,0.33849281391311437
214,breakpoint,0.33849281391311437
1393,sok,0.33845087402834834
1373,siswa,0.3365053352071666
6,adab,0.3352213503189717
515,hitam,0.3352213503189717
804,lembut,0.33444554107542235
321,dewan,0.3337728673929115
468,gosok,0.3306361007374355
1318,sebut,0.330571811481355
1152,pemuda,0.3300514904199821
609,jessi,0.32872241142848657
281,complicated,0.32872241142848657
778,landas,0.32872241142848657
1239,putus,0.32872241142848657
815,liberal,0.32755589173329286
1491,titik,0.32755589173329286
919,miss,0.32696555295539914
1576,vissi,0.32696555295539914
903,mental,0.32696555295539914
586,jabar,0.32696555295539914
1272,revolusi,0.32696555295539914
1360,shg,0.32696555295539914
560,ini,0.3267742900013053
1003,narapidana,0.32588862548380515
1349,seprrti,0.32588862548380515
27,akal,0.3255109379869246
1606,yee,0.3232858948001816
1018,neng,0.3232858948001816
1602,wonggemblung,0.3232858948001816
1542,udeh,0.3232858948001816
507,hemat,0.3232858948001816
241,bwahahaahah,0.3232858948001816
509,hidung,0.3211528083577479
834,lumayan,0.3211528083577479
1128,pantat,0.3211528083577479
531,hutang,0.3211528083577479
132,bayangin,0.32069948710163876
11,adik,0.32069948710163876
1263,rek,0.32069948710163876
1016,nek,0.32069948710163876
594,jamah,0.32069948710163876
1097,omongane,0.32069948710163876
532,ibu,0.32069948710163876
763,kurikulum,0.31885794614041285
1530,tunggang,0.3174323445532982
511,hihihi,0.3168532531412762
343,disamain,0.3168532531412762
563,install,0.3168532531412762
1386,smartphone,0.3168532531412762
1091,ojk,0.31555616291130884
1007,natural,0.31524211591152923
1510,trs,0.31524211591152923
522,hp,0.31524211591152923
1493,toge,0.31524211591152923
464,goblokny,0.31524211591152923
350,dksih,0.31524211591152923
461,gni,0.31524211591152923
780,langsung,0.31506670349145005
979,muslim,0.3149676578047206
1226,propinsi,0.31410930748035887
974,mulut,0.31363792459180834
301,dar,0.31363792459180834
1610,zer,0.31361840816391223
949,mosok,0.31361840816391223
1119,pajang,0.31361840816391223
391,emak,0.31361840816391223
615,jilbab,0.31361840816391223
514,hindar,0.31197434001917107
1407,suami,0.31100155948046576
408,fatwa,0.31000743945687004
390,elu,0.30816381984903396
78,arah,0.3081235329798497
1106,orng,0.30719804166971937
1001,napsu,0.30719804166971937
413,fix,0.30719804166971937
642,kalau,0.30719804166971937
38,aldo,0.3065133365435203
318,depak,0.3065133365435203
1385,sm,0.3065133365435203
182,binar,0.3065133365435203
271,clear,0.3065133365435203
1121,pake,0.30637024454001754
1579,wajar,0.3056088483696068
249,cantum,0.3056088483696068
1260,rata,0.3019522522429397
900,menrisek,0.3019522522429397
809,lgsg,0.3017953634583009
640,kalah,0.3017953634583009
1176,personal,0.3017953634583009
699,khan,0.3010545211074596
1230,puas,0.3010545211074596
501,hashirama,0.2994824838487508
466,google,0.2994824838487508
100,azas,0.2994824838487508
1228,prostitusi,0.29829508703546825
1261,rayu,0.2976736652770906
922,mjd,0.2976736652770906
118,banding,0.29672969815933564
921,mitos,0.29672969815933564
1467,teori,0.29672969815933564
440,gaung,0.29672969815933564
701,khayal,0.29672969815933564
564,interface,0.2956645807043782
88,ato,0.2956645807043782
1126,pandang,0.2950273196834665
861,manfaat,0.29438517732964187
123,bantu,0.29415939838171246
380,dungu,0.29333147118668973
788,latar,0.29322242880550653
282,consent,0.2928004514650872
1311,saudara,0.29067729121542213
608,jerit,0.29033983933474394
888,melek,0.29033983933474394
1298,sakit,0.29033983933474394
908,merem,0.29033983933474394
916,mikirnya,0.2897875068108576
557,informasi,0.2897875068108576
1490,tipe,0.2897875068108576
1212,positiv,0.2897875068108576
180,billah,0.2897875068108576
92,aufa,0.2897875068108576
494,hantar,0.2892092443379162
1338,sembunyi,0.2892092443379162
157,bentur,0.2892092443379162
1072,ntar,0.2892092443379162
374,dua,0.2877229352300692
247,cakap,0.2861492067224226
1204,polisi,0.2849695555972947
734,kontro,0.28416515219952077
1573,versi,0.28416515219952077
1450,tapsir,0.28416515219952077
50,ambil,0.2833608865430592
510,hidup,0.2832324875128728
1313,sbg,0.28261238721782295
482,hadeh,0.281970659981487
258,cerdas,0.2818911516925074
164,berita,0.28174468628328797
1547,ulang,0.2816471303239169
877,matang,0.2805146127777348
575,istilah,0.2805146127777348
913,mhn,0.2805146127777348
353,dlsb,0.2801480219097038
748,kriteria,0.2801480219097038
1371,siri,0.27886616048691826
1406,studi,0.27841669936600766
1232,puih,0.2774959358969011
230,bulsit,0.2774959358969011
339,dikit,0.2774959358969011
273,cma,0.2774959358969011
201,bnyak,0.2774959358969011
210,bolih,0.2774959358969011
963,muat,0.2767528741594484
168,beuh,0.2767528741594484
1422,suupaya,0.2767528741594484
650,kandung,0.2767528741594484
603,jdi,0.27648331160451683
1502,transaksi,0.27429312563127456
349,diusulkn,0.2742318254721686
460,gmn,0.2742318254721686
666,kbrnya,0.2742318254721686
1144,pdhal,0.2742318254721686
1245,ragu,0.2742318254721686
143,bela,0.2736284848840058
1129,par,0.2726794344973524
1438,tainya,0.2726794344973524
415,formula,0.2726794344973524
274,cman,0.2726794344973524
604,jekartah,0.2726794344973524
1567,usut,0.2726794344973524
747,kpk,0.2726794344973524
465,goodbener,0.2726794344973524
577,isu,0.2726794344973524
678,keliling,0.2713224047110533
9,adem,0.2713224047110533
505,hebat,0.2713224047110533
1131,pariwisata,0.2713224047110533
765,kutik,0.2713224047110533
1594,wisnutama,0.2713224047110533
470,goyang,0.2713224047110533
1511,true,0.27101749842482464
1607,yeess,0.27101749842482464
7,adana,0.2708960577478136
1392,so,0.2691362719133055
676,kelamin,0.2680079925979477
1024,ngadu,0.26798331660547303
406,farhan,0.2669324834092386
1428,syar,0.26574905297759516
1174,permendikbudristekdikti,0.26574905297759516
16,advokasi,0.26571232397939926
1470,terbit,0.26571232397939926
726,konsensual,0.26571232397939926
545,illegalisasi,0.26571232397939926
800,legalisasi,0.26571232397939926
421,gaada,0.26546230822930483
222,btw,0.26546230822930483
957,msk,0.263377183240942
1021,next,0.26059962614106164
197,blue,0.26059962614106164
1186,pimpin,0.26059962614106164
659,kawan,0.26059962614106164
294,dahulu,0.26059962614106164
1590,wibawa,0.26040893180181274
864,manipulatif,0.26040893180181274
1037,ngelakuin,0.26040893180181274
162,berfikir,0.26040893180181274
1503,trauma,0.26040893180181274
756,kuatir,0.2598174107433756
29,akhirat,0.2598174107433756
17,adzab,0.2598174107433756
1520,tuai,0.2598174107433756
284,contrario,0.25805864536614403
80,argumentum,0.25805864536614403
972,multitafsir,0.2577392985962894
215,brenti,0.25730689271606005
1241,pzinaan,0.25730689271606005
399,esek,0.25730689271606005
920,missal,0.2558100855951658
516,hoi,0.25499525051093774
738,konyol,0.25499525051093774
463,goblog,0.25499525051093774
691,kereta,0.25427135248460025
446,gerbong,0.25427135248460025
1190,pisah,0.25427135248460025
1247,raja,0.2534462709603582
1357,seteru,0.2534462709603582
1061,nikmatin,0.2534462709603582
964,mucho,0.2534462709603582
1597,wkwkwkwk,0.2534462709603582
1480,texto,0.2534462709603582
369,dr,0.2532962896479529
265,charista,0.25301164072235355
553,indah,0.25301164072235355
424,gabriella,0.25301164072235355
248,calling,0.2517844712371543
252,catt,0.2517844712371543
93,awi,0.2517844712371543
83,asnawi,0.2517844712371543
784,laporin,0.2517844712371543
354,dlu,0.2517844712371543
513,hina,0.2512861423239112
1038,ngelarang,0.245262517687491
159,berani,0.24339704992579653
498,harga,0.24310788593677402
196,bloon,0.24234445075573166
90,aturanny,0.24234445075573166
712,kn,0.24234445075573166
1390,sndri,0.24234445075573166
204,bocah,0.24234445075573166
958,mslh,0.24234445075573166
1217,prbuatan,0.24234445075573166
442,gede,0.24234445075573166
767,kyak,0.24234445075573166
956,msing,0.24234445075573166
1541,udahlah,0.24028205726982932
1211,posisi,0.24028205726982932
1051,ngubah,0.24028205726982932
1538,twitter,0.24028205726982932
310,debatin,0.24028205726982932
827,lollipop,0.23949533608870185
458,giur,0.23949533608870185
844,mahaciwi,0.23949533608870185
317,dengar,0.23805387874641498
1309,sanksi,0.23805387874641498
814,libat,0.23459119625000557
1356,setan,0.23459119625000557
298,dampak,0.23446067434589288
752,ks,0.23316442937524082
362,dompleng,0.23316442937524082
679,keliru,0.23316442937524082
1557,urgent,0.23316442937524082
490,hambat,0.23316442937524082
1544,uin,0.23199514528230172
1117,pagi,0.23199514528230172
694,kerudung,0.23199514528230172
1340,sempit,0.23199514528230172
202,bo,0.23199514528230172
1100,open,0.23199514528230172
1586,warung,0.23199514528230172
226,budaya,0.23199514528230172
856,malam,0.23199514528230172
1526,tuk,0.23181805705027964
1161,percaya,0.23181805705027964
851,make,0.2293609254013098
1375,situasi,0.22899641282709104
1474,ternak,0.2280651207828862
652,karenahukum,0.2280651207828862
441,gawat,0.2280651207828862
302,daruat,0.2280651207828862
769,kyknya,0.2277141611362134
1034,ngedongeng,0.2277141611362134
808,lgi,0.2277141611362134
1472,teriakin,0.2277141611362134
1471,teriak,0.2277141611362134
1409,substansi,0.2277141611362134
270,ckckck,0.2277141611362134
370,dri,0.2264896645329639
85,at,0.22584950153463376
1539,uang,0.2243368901381111
966,mudah,0.22417375178056687
260,cetek,0.22417375178056687
870,masak,0.22417375178056687
876,mata,0.22362640434581887
237,buta,0.22362640434581887
1344,senior,0.22362640434581887
151,benci,0.22362640434581887
1168,permebdikbud,0.22362640434581887
1565,ustadz,0.22362640434581887
360,do,0.2227459435020659
117,ban,0.22213422405125624
1050,ngritik,0.22213422405125624
668,kdrt,0.22213422405125624
1208,pondok,0.22213422405125624
518,homo,0.22213422405125624
902,mentah,0.22213422405125624
1020,nerbitin,0.22213422405125624
1608,yng,0.22213422405125624
969,muhammadiyah,0.22052162696383704
1580,wakil,0.22052162696383704
266,cholil,0.22052162696383704
267,cholis,0.22052162696383704
1481,th,0.22052162696383704
541,ikadi,0.22052162696383704
1251,rakyt,0.21987048633397938
1064,nnti,0.21987048633397938
1058,nikaah,0.21987048633397938
732,kontra,0.21946901391660137
1348,sepenuh,0.21946901391660137
263,chanell,0.21931993745061001
716,kodill,0.21931993745061001
430,gamblang,0.21786151373886586
1562,usap,0.21786151373886586
1149,peluk,0.21786151373886586
1278,riil,0.21767345347512565
1451,tara,0.21759470857078472
1153,pengaruh,0.21759470857078472
444,gender,0.21759470857078472
394,enggak,0.21759470857078472
1399,sperti,0.21659162452959463
231,bumbu,0.21659162452959463
471,grnerasi,0.21659162452959463
932,mmbuat,0.21659162452959463
1053,ngurus,0.21659162452959463
965,muda,0.21659162452959463
1201,pola,0.21658185426642312
855,makul,0.21641653142049272
874,maslahat,0.2149589611126428
1180,petinggi,0.2149589611126428
313,dekat,0.2149589611126428
883,media,0.2149589611126428
791,layak,0.2149589611126428
1378,skrang,0.2149589611126428
1454,tdak,0.2149589611126428
1032,ngawur,0.2149589611126428
647,kamar,0.21383199044484652
1449,tangsel,0.21383199044484652
1165,perjanjianya,0.21383199044484652
1415,surat,0.21383199044484652
630,juta,0.21383199044484652
558,ingat,0.2129129326932577
850,makarim,0.2129129326932577
1301,samasekali,0.21214462407694248
1019,neraka,0.21144214658905455
709,klausal,0.21119129790218633
1381,slalu,0.21088373425234555
1163,perendikbud,0.21088373425234555
106,badan,0.21088373425234555
1262,realita,0.21088373425234555
1291,rugika,0.21088373425234555
1221,pribadi,0.20928009842367998
960,mu,0.20928009842367998
277,cocok,0.20928009842367998
419,fungsi,0.20888796609275384
1549,ummu,0.20876911565203002
1010,nayla,0.20876911565203002
839,mabok,0.20810256670387275
692,kerja,0.20810256670387275
731,konthol,0.20810256670387275
982,mutarbalik,0.20810256670387275
1192,pk,0.20810256670387275
1133,parte,0.20810256670387275
912,mesyumm,0.20810256670387275
1083,nyirnyir,0.20810256670387275
475,gurau,0.2078489872417566
1380,skrng,0.2073760728161425
96,ayem,0.2073760728161425
1432,sypa,0.20716217900704434
1515,tsbt,0.20716217900704434
1244,raba,0.20686099566513813
1341,sen,0.2067411579171783
1033,ngedidik,0.2067411579171783
980,musnah,0.2067411579171783
547,iman,0.2067411579171783
1025,ngajar,0.2067411579171783
139,becus,0.2067411579171783
102,babad,0.2067411579171783
1561,usaha,0.20668243115994064
1468,tera,0.20584077378985172
1500,tr,0.20471657483768838
1282,rizqi,0.20471657483768838
536,idiologi,0.20265220895961686
1092,ok,0.19740756406717241
26,aju,0.19716017267917144
1585,warga,0.19716017267917144
610,jg,0.19689233323272562
1351,serap,0.19689233323272562
1583,wani,0.19689233323272562
786,lari,0.19689233323272562
1189,piro,0.19689233323272562
1013,negativ,0.19689233323272562
735,kontroversi,0.19689233323272562
1382,slama,0.19687304293985552
772,lahir,0.1962232031029655
933,mmg,0.19427665057164076
79,argumen,0.1902348192527607
1397,sopan,0.18971991447417055
1497,tonton,0.18971991447417055
580,itu,0.18880577884070998
1315,sdah,0.18877674097225625
1426,sya,0.18877674097225625
882,mcm,0.18877674097225625
121,bani,0.18877674097225625
1591,widi,0.18877674097225625
651,kangkang,0.18877674097225625
616,jjik,0.18877674097225625
508,hh,0.18877674097225625
539,ijab,0.18877674097225625
179,bilang,0.18593136969369187
714,ko,0.18593136969369187
405,fakta,0.18446700696254395
951,mprett,0.18316632029987395
1266,rem,0.18316632029987395
208,bokep,0.18316632029987395
648,kampanye,0.18316632029987395
639,kakehan,0.18316632029987395
633,kader,0.18316632029987395
48,amat,0.18316632029987395
1560,urusin,0.18316632029987395
345,diskusi,0.18316632029987395
240,bwahaha,0.18316632029987395
1346,sensasi,0.18316632029987395
1363,sidang,0.18316632029987395
1069,nonton,0.18316632029987395
1571,uunya,0.18316632029987395
723,kons,0.1810229024365395
250,capek,0.1810229024365395
82,asih,0.18022289254977444
1592,wiji,0.18022289254977444
1157,penuh,0.18022289254977444
567,iri,0.18022289254977444
1342,senang,0.17711530479693058
1240,putusin,0.17302906998500003
268,cicip,0.17302906998500003
425,gadis,0.17302906998500003
600,jawap,0.17302906998500003
599,jauh,0.17302906998500003
152,bendigan,0.17302906998500003
324,dgr,0.17302906998500003
207,boga,0.17302906998500003
675,keji,0.17302906998500003
909,merinding,0.17302906998500003
166,bertagung,0.17302906998500003
384,eak,0.17302906998500003
1288,ruang,0.17099711824327832
672,kecuali,0.16817219190785104
533,ibuk,0.16688643369645575
687,kendali,0.16688643369645575
239,buuk,0.16688643369645575
142,bejad,0.16688643369645575
1252,ralat,0.16654738499016297
433,gantung,0.16654738499016297
881,mayoritas,0.16654738499016297
1403,standing,0.16654738499016297
892,menaggulangi,0.16502574520999105
1065,nntinya,0.16502574520999105
129,batas,0.16502574520999105
989,nahh,0.16502574520999105
1414,sungguh,0.16502574520999105
1488,tinghi,0.15777808145565442
1145,pdhl,0.15777808145565442
915,mikirin,0.15777808145565442
478,guwe,0.15777808145565442
776,lampau,0.15777808145565442
1184,pikirin,0.15777808145565442
1215,praktek,0.15777808145565442
232,bunga,0.15777808145565442
1443,tanam,0.15579883457434673
896,meng,0.15083864492470392
585,izin,0.1493860301665027
396,entar,0.1493860301665027
1035,ngedukung,0.1493860301665027
320,derita,0.14878804426299033
822,literatur,0.14878804426299033
733,kontradiksi,0.14878804426299033
183,binatang,0.14878804426299033
983,mutu,0.14666573559334486
1489,tingkat,0.14666573559334486
141,begitu,0.14666573559334486
1054,ngurusin,0.14666573559334486
771,lagak,0.14666573559334486
1017,nempelkan,0.14666573559334486
1267,rendah,0.14666573559334486
1188,pintu,0.14666573559334486
1525,tujuaannya,0.14666573559334486
1529,tumpul,0.14666573559334486
1265,rektor,0.14666573559334486
1249,rajam,0.14666573559334486
69,anu,0.14666573559334486
1463,tempel,0.14666573559334486
31,akibat,0.13890286574721453
344,disetubuhin,0.1383633005241302
592,jakar,0.1383633005241302
161,berat,0.1383633005241302
1029,ngasi,0.1383633005241302
334,difahami,0.13824165580225842
1323,seharusx,0.13824165580225842
645,kalimatx,0.13824165580225842
621,jls,0.13824165580225842
663,kayakx,0.13824165580225842
1554,unsur,0.13824165580225842
859,mampu,0.13714656281563728
347,ditawarin,0.13714656281563728
1457,telanjang,0.13714656281563728
1453,tawar,0.13714656281563728
1433,syurga,0.13692155899858324
165,bersih,0.13692155899858324
1206,politis,0.13692155899858324
1137,patok,0.1368685349557789
184,bincang,0.1368685349557789
1122,pakek,0.1368685349557789
1460,tembak,0.1368685349557789
998,nangkepnya,0.1368685349557789
392,emang,0.13408928705704415
375,duduk,0.13312475478320518
104,bacod,0.13312475478320518
337,dijelasin,0.13312475478320518
905,menyalahgunakan,0.13312475478320518
1143,pd,0.12917072102294797
216,brng,0.12917072102294797
87,atau,0.12905715813182514
1048,ngomongin,0.12777526467366446
537,ii,0.1272935611204883
1172,permendikbudnya,0.1272935611204883
448,gesek,0.1272935611204883
656,katagori,0.1272935611204883
550,implementasi,0.1272935611204883
741,korbanya,0.1226312588437455
995,nangin,0.1226312588437455
799,legalin,0.1226312588437455
529,hukumanya,0.1226312588437455
131,bawah,0.1226312588437455
697,ketentuanya,0.1226312588437455
782,lap,0.1226312588437455
994,nanangin,0.1226312588437455
438,gatau,0.1226312588437455
760,kuhpnya,0.11883643284907489
300,dapat,0.11883643284907489
443,gemeteran,0.1168051714075187
1609,you,0.1168051714075187
445,genit,0.1168051714075187
32,aksi,0.1168051714075187
884,megang,0.1168051714075187
1235,pundak,0.1168051714075187
1431,syg,0.1168051714075187
829,love,0.1168051714075187
862,manggil,0.1168051714075187
1063,nilai,0.11655538374284037
193,blhkan,0.11216844506905554
1233,pulih,0.11216844506905554
1404,stengah,0.11216844506905554
1336,seluru,0.11216844506905554
739,kopit,0.11216844506905554
194,blhlkan,0.11216844506905554
873,mask,0.11216844506905554
1389,smseter,0.11216844506905554
1423,swasta,0.11216844506905554
244,byr,0.11216844506905554
1387,smester,0.11216844506905554
924,mkn,0.11216844506905554
357,dmester,0.11216844506905554
1483,thn,0.11216844506905554
192,blh,0.11216844506905554
1519,tua,0.11216844506905554
389,ekonomi,0.11216844506905554
272,cm,0.11216844506905554
1516,ttap,0.11216844506905554
1185,pilih,0.11216844506905554
927,mksh,0.11216844506905554
928,mksih,0.11216844506905554
835,lurus,0.10993524316698969
198,bnar,0.10993524316698969
190,bkuasa,0.10993524316698969
582,ituu,0.10993524316698969
234,buru,0.10993524316698969
952,mrasa,0.10993524316698969
289,cucu,0.10993524316698969
620,jlas,0.10993524316698969
1366,silaahkan,0.10993524316698969
823,llos,0.10993524316698969
1377,skalipun,0.10993524316698969
698,ketua,0.10993524316698969
307,ddpan,0.10993524316698969
705,kitaa,0.10993524316698969
72,apadaya,0.10993524316698969
1581,wakl,0.10993524316698969
257,celeng,0.10993524316698969
1193,pkoknya,0.10993524316698969
751,krna,0.10993524316698969
1388,smogaa,0.10993524316698969
492,hamll,0.10993524316698969
614,jikaa,0.10993524316698969
355,dluaar,0.10993524316698969
942,mnghamili,0.10993524316698969
219,brulang,0.10993524316698969
136,bdoa,0.10993524316698969
929,mlakukan,0.10993524316698969
1078,nyari,0.10993524316698969
486,hak,0.10993524316698969
356,dluar,0.10993524316698969
737,konvensional,0.10853709055776228
1216,praktis,0.10853709055776228
363,dosa,0.10853709055776228
373,drun,0.10853709055776228
122,bank,0.10853709055776228
1273,riba,0.10853709055776228
1558,ursury,0.10853709055776228
1243,qur,0.10853709055776228
561,injil,0.10853709055776228
77,arab,0.10853709055776228
1300,salahsatu,0.10607231203847124
1475,tertawa,0.10607231203847124
736,kontroversial,0.10607231203847124
766,kutip,0.10607231203847124
820,liput,0.10607231203847124
1466,tentu,0.10583562255582943
1376,siul,0.10583562255582943
474,guna,0.10583562255582943
1522,tugas,0.10583562255582943
1575,vidio,0.10583562255582943
1112,otoritas,0.10583562255582943
1343,senggol,0.10583562255582943
1015,negri,0.10471619909837299
1136,paten,0.10444398304637692
579,it,0.10444398304637692
926,mksd,0.10444398304637692
154,benteng,0.10444398304637692
1314,scr,0.10444398304637692
1111,other,0.10444398304637692
1603,worth,0.10444398304637692
551,in,0.10444398304637692
1364,side,0.10444398304637692
721,konfirmasi,0.10444398304637692
295,dalam,0.10444398304637692
259,cerita,0.10390228459051702
1175,permnedikbudristek,0.10390228459051702
805,letak,0.10390228459051702
1158,penyelesaina,0.10390228459051702
1109,ortunya,0.10235828741884419
936,mndidik,0.10235828741884419
1504,trgantung,0.10235828741884419
619,jlanya,0.10235828741884419
1086,oasti,0.10235828741884419
1331,selamat,0.10235828741884419
1107,orrunya,0.10235828741884419
944,mnyikapi,0.10235828741884419
1440,tamat,0.10235828741884419
1506,trjerumus,0.10235828741884419
1006,nasip,0.10235828741884419
1214,pr,0.10235828741884419
618,jlan,0.10235828741884419
742,koropsi,0.10235828741884419
1268,renung,0.10235828741884419
761,kuliah,0.10235828741884419
1507,trlepas,0.10235828741884419
174,bidan,0.10235828741884419
1220,prgaulan,0.10235828741884419
261,cewe,0.10235828741884419
40,alhamdulilah,0.10235828741884419
1155,penring,0.10235828741884419
706,kjadian,0.10235828741884419
696,ketat,0.10235828741884419
5,ada,0.09902508088979098
235,burukk,0.0975049348021027
725,konsekwensi,0.05303615601923562
1147,peemendikbud,0.05303615601923562
1553,unjuk,0.0
19,agamais,0.0
385,ecer,0.0
1548,umat,0.0
1496,tolol,0.0
1528,tulis,0.0
28,akar,0.0
33,aku,0.0
10,adh,0.0
13,adl,0.0
473,gue,0.0
1517,ttg,0.0
35,alam,0.0
483,hadehh,0.0
437,gas,0.0
20,ahahaaha,0.0
1501,tragis,0.0
1589,whyyposisi,0.0
488,halah,0.0
67,anjur,0.0
462,goa,0.0
46,amal,0.0
1595,wkwkkw,0.0
1477,terusin,0.0
1476,terus,0.0
52,amma,0.0
404,fahaman,0.0
397,ente,0.0
55,ancem,0.0
422,gaass,0.0
1464,temu,0.0
1462,tempat,0.0
1605,yaelah,0.0
1532,tunjuk,0.0
802,legalx,0.0
517,holaqoh,0.0
1039,ngenyel,0.0
1030,ngasih,0.0
1028,ngas,0.0
1022,nga,0.0
305,data,0.0
719,kompor,0.0
411,fikir,0.0
211,boneka,0.0
720,kond,0.0
722,konotasi,0.0
1004,narasi,0.0
724,konsekuensi,0.0
1002,nara,0.0
999,nanya,0.0
997,nangkep,0.0
213,brarti,0.0
977,munkin,0.0
217,broow,0.0
1036,ngeh,0.0
708,klaim,0.0
743,korupsi,0.0
702,khotbah,0.0
1113,oyo,0.0
665,kbetulan,0.0
1105,ormas,0.0
186,bintang,0.0
1101,opini,0.0
189,bkn,0.0
673,kedok,0.0
684,kembang,0.0
686,kencing,0.0
1087,obyektif,0.0
1085,nyuri,0.0
1082,nyesel,0.0
695,kesan,0.0
1068,non,0.0
1060,nikahin,0.0
700,khawatir,0.0
203,bobrok,0.0
218,brsama,0.0
745,kotak,0.0
1435,tabayun,0.0
889,melundungi,0.0
880,matkul,0.0
242,bwahahaha,0.0
291,curi,0.0
867,marah,0.0
865,mantan,0.0
863,mangkrak,0.0
288,cuan,0.0
853,makna,0.0
852,maklum,0.0
287,crott,0.0
285,coy,0.0
837,lw,0.0
833,lulus,0.0
819,lingkup,0.0
794,lebar,0.0
279,colet,0.0
278,colek,0.0
885,meggunakan,0.0
897,mengecrott,0.0
746,koteka,0.0
238,butuh,0.0
962,muas,0.0
961,muaantaabb,0.0
959,mslhx,0.0
955,msh,0.0
950,motong,0.0
941,mngenali,0.0
940,mngejar,0.0
939,mnganut,0.0
938,mngabdi,0.0
937,mnertibkan,0.0
753,ksalahan,0.0
934,mmpertahankan,0.0
931,mmbahas,0.0
925,mknya,0.0
918,minggu,0.0
907,merehabilitas,0.0
299,dangkal,0.0
1116,pade,0.0
1127,panjenengan,0.0
1140,paut,0.0
1353,sesat,0.0
101,bab,0.0
1337,semangat,0.0
566,intrik,0.0
114,baju,0.0
116,balik,0.0
1324,sehat,0.0
571,islamabad,0.0
1321,sedikit,0.0
572,islami,0.0
1319,sedekah,0.0
1317,sebelumya,0.0
1312,sayang,0.0
1310,sapi,0.0
1308,sangsi,0.0
1307,sangkut,0.0
120,bangsa,0.0
1302,sampaiin,0.0
1352,seringkali,0.0
361,dokter,0.0
646,kalu,0.0
1361,sholat,0.0
1434,ta,0.0
534,identitas,0.0
535,idham,0.0
1413,sukak,0.0
1411,sugiono,0.0
1405,stock,0.0
365,dosenn,0.0
1400,spk,0.0
1396,sono,0.0
1395,solusiable,0.0
1391,sngt,0.0
546,imam,0.0
548,imbal,0.0
549,imej,0.0
1372,sis,0.0
97,ayo,0.0
98,ayom,0.0
578,isue,0.0
1296,sadar,0.0
125,banyakin,0.0
127,barbie,0.0
1205,politik,0.0
631,juz,0.0
1200,pojok,0.0
1198,pnegak,0.0
330,diberitahukan,0.0
1195,placur,0.0
638,kake,0.0
158,berahlaq,0.0
1177,perspektif,0.0
1169,permedikbudristek,0.0
328,dianggep,0.0
1160,perbutan,0.0
169,bgmn,0.0
326,diamenyetujui,0.0
325,dhadapi,0.0
1150,pemahamanya,0.0
171,biasa,0.0
335,dihapuus,0.0
627,jum,0.0
1213,ppks,0.0
1264,rekomendasi,0.0
1289,rubah,0.0
581,ituh,0.0
1285,rohani,0.0
1284,robah,0.0
348,ditindaklanjuti,0.0
1274,ribet,0.0
597,jaring,0.0
601,jaya,0.0
1218,presenter,0.0
1253,ramah,0.0
1248,rajalela,0.0
1246,rahayu,0.0
1242,qt,0.0
1231,publik,0.0
625,juli,0.0
145,belakang,0.0
628,jumat,0.0
