,Komentar,Label
1,"Lha kekerasan seksual itu kan mmg definisinya memang harus ""tanpa persetujuan korban"". Pada kemana sih logika yg nolak2? Gimana melawan kekerasan seksual kalau tidak boleh didefinisikan apa yg dimaksud dgn kekerasan seksual.",positif
2,Jangan mendekati zina. Itu adalah aturan yang pasti dan tidak perlu pasal uu dll. Suatu saat Demokrasi ini tdak layak lagi untuk di gunakan. Karena isi nya hanya kepentingan para petinggi saja. Sangat sedikit untuk kemaslahatan masyarakatnya. Dan saya rasa ini bisa di jadikan tameng oleh para oknum. Bahwa melakukan kekerasan seksual jangan menggunakan media. Skrang saja banyak yang ngomong ngawur.,negatif
3,The law is an art. Semakin rinci semakin mudah dibelokkan..,positif
4,TETAPKAN DULU APA YANG DIMAKSUD DENGAN KEKERASAN SEKSUALITAS.,netral
5,Lbih cock diterapkan dikemendikbud Dan DPR.,netral
6,SEKALIAN AJA PAKAIAN ANAK SEKOLAH DAN MAHASISWA.ROK NYA HARUS DI ATAS LUTUT.ATAU GANTI AJA MENTERI NYA.MUNGKIN YG INGIN MEMBUBARKAN  M U I. DIA IKUT JUGA,negatif
7,Inilah makanya para korban ragu utk melapor. Usulan uu perlindungan hukum utk para korban pun jd polemik. Pdhal tinggal direvisi. Maaf uu yg katanya waktu itu akan diusulkn oleh suatu partai itu gmn kbrnya?,positif
8,Presenter suka motong percakapan narasumber..jd kurang ngeh gitu,netral
9,"Kami sebagai ormas Islam mendukung  PERMEDIKBUDRISTEK no 30, tentang Kekerasan Seksual, Tapi kami Menolak pasal 5 ayat 2 & 3, yg ada kata TANPA PERSETUJUAN KORBAN,
Dan seharusnya Permendikbud Nadiem menghilangkan yg 3 kata... TANPA PERSETUJUAN KORBAN",positif
10,"Negara kacau, pejabatnya nyeleneh coba urus yg subtantif",negatif
11,Menteri Nadiem segera dipecat,negatif
12,"ranah mendikbud ya kekerasan seksual
kalau yg lain ya ranah kementerian perempuan dan anak",positif
13,permendikbud sudah benar jangan di revisi lanjut laksanakan,positif
14,"berbicara ideologi boleh saja sbg muslim,, tp fakta ttp hrus diterima,, kalau bicara ini seolah memojokkan islam,, islam yg mana apakah hanya islam yg punya kotak amal dan menganjurkan bersedekah??? 
     kbetulan saja mreka yg sesat adl saudara qt sesama muslim jika mjd isue besar krn ksalahan mreka ya bkn ksalahan pnegak hukum, itu adl masalah brsama yg hrus dhadapi brsama bgmn caranya qt mnertibkan muslim dg pemahamanya agar tdk sesat,, mulailah dr menyedikitkan mmbahas surga sbg imbalan dan neraka sbg hukuman krn yg lbh harus dibahas adl cara mngenali tuhan dan konsekuensinya serta mnganut agama brarti mngabdi pd tuhan bkn mmpertahankan imej atau mngejar surga,,",positif
15,"Duh, ini peraturan kekerasan sexual. Bukan peraturan penzinahan. Inikan 2 hal yg berbeda. Makanya ada kata2 ""Tanpa persetujuan korban"" kl ada persetujuan, yah bukan kekerasan sexual.",positif
16,"Kalimatx saja sdh bisa difahami,TANPA PERSETUJUAN KORBAN.ini yg bikin undang2, blm bisa bahasa indonesia yg baik dan benar kayakx..namax aja KORBAN ya jls pastilah dia tidak setuju,kalau ada unsur persetujuan itu namax OKNUM,bukan korban lagi namax.jdi kalimat nya seharusx direvisi,baik itu ditambahkan atau dihilangkan sama sekali kalimat itu.kalau mau tidak jdi perdebatan tambah lagi dengan kalimat baik dapat persetujuan ataupun tidak atas persetujuan korban itu baru benar",negatif
17,Degradasi moral,netral
18,"Itu sama dg zinah HARAM, kcuali ada setuju lawan",positif
19,Makin aneh saja Negeriku sekarang ini,netral
20,"Coba deh buat yg setuju sama permen pasal 5 ini , kalo si korban di ancam untuk bilang kalo tindakan kekerasan seksual tsbt atas dasar suka sama suka trus pelaku nggak kenai permen di kampus kenanya pasal tindak asusila , trus yg kena sypa ? Korban atau pelaku ?",positif
21,"Kan harus DIDEFINISIKAN apa artinya perbuatan yg termasuk dlm Kekerasan Seksual.. dan definisinya ya memang TANPA PERSETUJUAN KORBAN. Logika aja, wajar kalimat itu harus dicantumkan.",positif
22," @Dmitrii D ,yang senang mesum pasti marah dengan permendikbud karena mencolek dan meraba raba saja sudah ada sangsinya apalagi apalagi minta buka baju itu melanggar moral dan KUHP",positif
23," @Muhammad thohir  Oke sampai disini, berarti Permendikbud tersebut bentrok dengan UU tentang pornografi lainnya",netral
24,"Asal suka sama suka tidak masalah bukan ¯\_( ͡° ͜ʖ ͡°)_/¯, ""saya kan berseks bebas hanya mematuhi permendikbud membolehkannya""",positif
25," @Dmitrii D ,pasal mana yang bentrok coba sebutkan kalau kamu memeng ngerti.jangan2 kamu hanya mengikuti ulama kadron",positif
26," @Dmitrii D ,itu isi otak mesumnya ulama2 kadron yang tidak ada di dalam permendikbud",negatif
27," @Muhammad thohir  Ini contoh KUHPnya
""Setiap orang yang melakukan persetubuhan dengan orang yang bukan suami atau istrinya dipidana karena perzinaan dengan pidana penjara paling lama 1 (satu) tahun atau denda Kategori II.""

Permendikbud 30
l. menyentuh, mengusap, meraba, memegang, memeluk, mencium dan/atau menggosokkan bagian tubuhnya pada tubuh Korban tanpa persetujuan Korban;


m. membuka pakaian Korban tanpa persetujuan Korban;.

Di KUHP sudah dinyatakan secara gamblang/jelas, dan tidak ada keambiguan atau multitafsir bahwa SEKS BEBAS dilarang. 
Sedangkan di Permendikbud 30 didapati boleh melakukan kegiatan seksual ATAS PERSETUJUAN KORBAN seperti mencium dan menggesekkan kemaluan. Jadi sah sah saja bukan 😃 kalau saya mengimplementasikan Permendikbud 30 walaupun bentrok dengan KUHP. Jadi yg disalahkan KUHP nya atau Permendikbudnya yg ambigu dan perlu direvisi itu?",netral
28," @Dmitrii D  Anak Hukum Tertawa Melihat argumenmu.

Biar saya kutip salahsatu pasal kontroversial:
Pasal 5 ayat (2): Kekerasan Seksual sebagaimana dimaksud pada ayat (1) 
meliputi:
L. menyentuh, mengusap, meraba, memegang,
memeluk, mencium dan/atau menggosokkan bagian tubuhnya pada tubuh Korban tanpa persetujuan Korban

Sebenarnya Kesimpulan disini sudah sangat gamblang.
Permendikbud no 30 Tahun 2021 hanya Mengelompokan tindakan menjadi 2 jenis:
Yaitu tindakan Tanpa persetujuan korban, dan tindakan dengan persetujuan korban.

Apabila Tindakan dilakukan tanpa persetujuan korban, Maka itu adalah KEKERASAN SEKSUAL.
Dan Apabila Tindakan dilakukan dengan Persetujuan korban, Maka itu adakah BUKAN KEKERASAN SEKSUAL.

Permendikbud no 30 tahun 2021 Samasekali tidak mengatur Tindakan yang dilakukan dengan persetujuan korban.
Tidak melegalkan, dan tidak meng-ilegalkan. Alias ya Tidak diatur samasekali.
Anak Hukum Tertawa Melihat argumenmu.

Biar saya kutip salahsatu pasal kontroversial:
Pasal 5 ayat (2): Kekerasan Seksual sebagaimana dimaksud pada ayat (1) 
meliputi:
L. menyentuh, mengusap, meraba, memegang,
memeluk, mencium dan/atau menggosokkan bagian tubuhnya pada tubuh Korban tanpa persetujuan Korban

Sebenarnya Kesimpulan disini sudah sangat gamblang.
Permendikbud no 30 Tahun 2021 hanya Mengelompokan tindakan menjadi 2 jenis:
Yaitu tindakan Tanpa persetujuan korban, dan tindakan dengan persetujuan korban.

Apabila Tindakan dilakukan tanpa persetujuan korban, Maka itu adalah KEKERASAN SEKSUAL.
Dan Apabila Tindakan dilakukan tanpa Persetujuan korban, Maka itu adakah BUKAN KEKERASAN SEKSUAL.

Permendikbud no 30 tahun 2021 Samasekali tidak mengatur konsekuensi Tindakan yang dilakukan dengan persetujuan korban.
Tidak melegalkan, Tidak pula mengilegalkan, Alias TIDAK DIATUR SAMASEKALI.
""Argumentum a Contrario""

Jadi Kalo lu berpikir bahwa Tindakan yang dilakukan dengan persetujuan korban, Diperbolehkan Dalam Peemendikbud no 30, Maka itu adalah kesimpulan yang elu buat sendiri, Ga ada dasar nya.",positif
29," @Dewangga Putra  Oke terus buat apa ada frasa ""tanpa persetujuan korban"" 😂 ? Sebetulnya tanpa frasa tersebut kami pun paham pada peraturannya, ini kan menimbulkan polemik baru karena multitafsir dan kontradiksi dengan KUHP asusila lainnnya, jadi bentrok.

Yang namanya ""KORBAN"" pasti tidak akan setuju untuk dilecehkan, secara literatur bahasa Indonesia bukan KORBAN berarti namanya. Jadi frasa ""tanpa persetujuan korban"" tidak diperlukan, atau sebagai dampaknya oknum² akan memanfaatkan frasa tersebut sebagai alasan.

Korban [KBBI]
""orang, binatang, dan sebagainya yang menjadi menderita (mati dan sebagainya) akibat suatu kejadian, perbuatan jahat, dan sebagainya.""",negatif
30,Apa adakah korban yang setuju?,netral
31,UU dah ada dan jelas mestinya menrisex tidak perlu bikin aturan yg menimbulkan kegaduhan mknya makul moral dan agama tetap dikasih termasuk kegiatan agama/ kerohanian bukan malah dihapuuuus !,netral
32, @Kuad Iin  plis deh dari dulu juga ada kegiatan agama di sekolah dan kampus2 tapi ttp pelecehan seksual ada.,negatif
33," @Gabriella Indah Charista  YEEESS, very very very true",positif
34,"Saya tetap setuju bang, Karena kamu belum baca Peraturannya tetapi langsung bacod.

Padahal di Permendikbud udah dijelasin bahwa:

Persetujuan Korban sebagaimana dimaksud pada ayat (2)
huruf b, huruf f, huruf g, huruf h, huruf l, dan huruf m, dianggap tidak sah dalam hal Korban:
b. mengalami situasi dimana pelaku mengancam, memaksa, dan/atau menyalahgunakan kedudukannya;",positif
35,Persetujuan tidak berlaku apabila pelaku mengancam,negatif
36,"Baca lagi ya, dan pahami konsep consent itu seperti apa, ga sekadar setuju ga setuju di mulut. Baca lagi sebelum bacot",positif
37,"Ibu dewan, ada permenpun jk moralnya bejat tetap aja terjadi buuuk ! Tp jk dari kita semua dimulai dari keluarga menanamkan moral/ agama kurasa bisa sebagai pengendali  karena aku yakin agama apapun pasti melarang perzinaan ! Jk sampai perkosaan berarti tu sepihak mk pelakunya hrs lapor kan ada polisi ! Ibuk dewan ! Jk dg alasan suka sama suka gimana ? Apa boleh ?",positif
38,"YG ADA HANYA VISI MISI PRESIDEN ,MENTERI ITU HANYA MENJABARKAN DLM KEBIJAKKAN SHG BEGINILAH YG DIMAKSUD DG REVOLUSI MENTALNYA JOKOWI ITU.",netral
39,"yang jadi masalah itu 3 kata ""Tanpa Persetujuan Korban"" itu harus diganti....atau dihapus....",negatif
40,"Kesempatan,,,,,, goreng saja sampai gosong....biar pak jokowi jatuh.",netral
41,"begitulah kalau segalasesuatu diserah kepada yg bukan ahlinya, tunggulah kehancuranya",negatif
42,Kok  host ikut berpekulasi sebelum pergantian pembicara yg lain.,netral
43,"Menyentuh saja sdh haram ,ikutlah hukum Islam , Allah SWT sdh atur semuanya , aturan hdp",positif
44,logika rakyat indonesia: dilarang bawa senjata tajam > boleh bawa senjata api.,netral
45,Enak banget nih jika suka sama suka  ga masalah maen di kampus,negatif
46,PKS hanya engkau harapan rakyat Indonesia,netral
47,Kalau suka sama suka itu wilayah private perkara moral individu masing masing dan itu pendidikan mora masing masing,positif
48,"kenapa tdk menerapkan aturan tentang zinah dan perkosaan yg sudah aja, entar kalau aturan itu di terapkan , seolah olah kalau seizin perempuannya jadi boleh, ingat katanya negara pancasila, sila pertama ketuhanan yg yg maha esa lo! artinya mau perempuannya setuju mau ga setuju, selama mereka belum sah, sebagai pasangan ya mestinya tetap dilarang, tapi mau gimana lagi, menteri agamanya aja ngedukung! apa masih yakin negara kita negara pancasila??? Sila yg mna yg sudah diterapkan dg baik???????",netral
49,"Sebenarnya peraturan yg sdh ada cukup asal pelaksana aturan taat aturan, apalagi taat pada syariat",netral
50,"Haruskah tunggu ada korban, kita simak penyelesaiannya di pengadilan, siapa yang benar?",positif
51,Polemik macam ini menimbulkan kegaduhan dan keonaran,negatif
52,pks ini cman bikin gaduh buat mengalihkan isu goodbener jekartah yang anggota par tainya lagi bermasalah dengan formula e yang lg diusut kpk.........,negatif
53,Bagaimana bila sanak keluarga PKS ini menjadi korban Kekerasan Seksual? Saya rasa mereka akan mendukung Pelaku dan tidak menuntut pelaku.,positif
54,"hahaha pks takut kalau anggotanya digaruk permen ini, dgn dalih macam2. 🤣😂😅😇",netral
55,Lanjutkan Pak Menteri dgn Permendikbudristek itu. Klo ada yang robah ya tunggu aja,positif
56,Trgantung anaknya n ortunya yg paling penring ortu mndidik anak ahklak yg utama. Tr bukti kjadian.ortu ketat anak yg trjerumus banyak.yg orrunya biasa 2 saja anak 2 y selamat tr hindar dari pr gaulan bbas.aku y punya anak cewe dua alhamdulilah tamat  kuliah k bidanan k duanya. Trlepas prgaulan bebas.intinya nasip n rezeki anak n perbuatan ortu.kalau saya mnyikapi jangan sekali 2 di kasih makan dengan jlan yg tidak halal apa lagi koropsi. So oasti dampak k anak. Jangan salahkan anak. Renungi sudah bagus kah kita ortu ahklak n cari jlanya rezeki..,netral
57,Beettuull👍,positif
58,Miris banget gasi :(,negatif
59,"Menurut hukum, Logika tsb bener loh.

Apabila Undang undang hanya mengatur tentang senjata Tajam, dan tidak mengatur tentang Senjata api, Maka kesimpulannya senjata api diperbolehkan.
(Argumentum a contrario)",positif
60," @Dewangga Putra  tidak mengatur bukan berarti mengadvokasi/melegalkan, bisa jadi ada hukuman yang lebih luas/umum mengatur, intinya terkait legalitas perzinahan konsensual di kampus, sebelum/sesudah terbit permendikbud masih sama, tidak dilegalisasi/illegalisasi",positif
61," @Muhammad Hashirama  Lah, Kata siapa tidak mengatur bukan berarti melegalkan??
Itu kan kata ku sendiri.

Coba sekarang Buka google, Baca Apa itu Asas legalitas dalam hukum.

Selama belum ada peraturan yang melarangnya, Berarti suatu perbuatan dianggap LEGAL.",netral
62,"Suka sama suka atas perbuatan jinah SDH ada perundangan dan aturannya,klu suka sama suka itu bukan kekerasan",negatif
63,"KUHP
""Setiap orang yang melakukan persetubuhan dengan orang yang bukan suami atau istrinya dipidana karena perzinaan dengan pidana penjara paling lama 1 (satu) tahun atau denda Kategori II.""",netral
64,"Makanya di buat permendikbud, karna banyaknya pelaporan juga kasus, yg semakin darurat, di bikinlah perendikbud, yg menjadi badan hukum tentang kekerasan seksual, yg slama belum ada, karna realita kejadian,justru korban slalu di rugika dalam setiap kasus, ketika di melapor, karna tidak adanya uu perlindungan terhadap pelecehan!!",positif
65,"Klo istrimu & anakmu setuju sy gauli, itu kekerasan sexual tidak?",netral
66," @Ridwan Basuki  dalam pasal 295 KUHP baik korban maupun Pelaku Kekerasan Seksual akan dipidana paling lama 9 tahun. Begitu-pun bila kegiatan seksual itu didasari rasa suka sama suka. 

Namun dengan Permendikbud ini Korban tidak perlu terkena sanksi hukum, cukup pelaku.",netral
67," @breakpoint tv  Aku tdk butuh narasimu yg panjang lebar itu.
Yg aku butuhkan hanya hapuskan 3 kata itu. Tanpa persetujuan korban. Titik.
Permendikbud 30 itu sdh OK. 
Kecuali 3 kata itu.
Apa susahnya menghapus 3 kata itu? ☹️☹️☹️☹️",negatif
68, @Ridwan Basuki  artinya kamu setuju bila seks bebas dilarang tapi pemerkosaan diperbolehkan? Gitu kan mau-nya kamu?,netral
69," @Ridwan Basuki  kalau 3 kata itu dihapus, perbedaan dengan pasal 295 KUHP itu apa? Ngapain buat aturan lagi kalau toh sama dengan yang sudah ada?",negatif
70, @breakpoint tv  menrisex agar anggaran bs dikeluarkan dg alasan hasil penelitian !,positif
71, @M025_ INDRA  kenapa menrisex yg bikin payung hukum? Apa dah gak percaya dg hukum yg ada bahwa pemerkosa dg hukuman sampai ada yg dikebiri tu?  Dan mengapa makul tentang moral dan agama dikampus2 malah dihilangkan jk tujuan tuk menghindari pemerkosaan?,positif
72,Bapak yg dri pks  pelacur itu suka sama suka masa mau di hukum.. bapak harus bedakan lah antara orang yg tidak suka.. klo pelacuran y itu jelas hukuman nya neraka.. sedangkan klo yg di paksa ada salah satu korban yg di rugikan.. sedang klo yg suka sama suka itu saling di untungkan..,netral
73,Klo undang undang poligami mungkin PKS yg setuju duluan.. 😀,positif
74,TUJUAANNYA UNTUK MENCEGAH KEKERASAN SEKSUAL...KOK MALAH DIGORENG  MELEGALKAN PERZINAAN....OTAKNYA ORANG-ORANG PKS YANG PERLU DIBERSIHKAN....TAMBAH USIA KOK TAMBAH TUMPUL YA OTAKNYA POLITISI PKS...KALAU ADA DOSEN YANG JADI PENJAHAT KELAMIN SEBAIKNYA LANGSUNG DIKEBIRI ATAU DIRAJAM SAJA. DUNIA PENDIDIKAN TINGGI SANGAT DIRENDAHKAN....MANA SUARAMU BAPAK-BAPAK REKTOR...JANGAN BERLAGAK DUNGU....ATAU KALIAN MEMANG SUDAH DUNGU KARENA TERLALU SERING MENEMPEL-NEMPELKAN ANUMU....LAGI PULA NGAPAIN PAK NADIM NGURUSIN YANG BEGITUAN....PIKIRKAN SAJA KEBIJAKAN UNTUK MENINGKATKAN MUTU PERGURUAN TINGGI KITA.....KALAU URUSAN BEGINIAN INI KASIHKAN SAJA PADA PKS...PEMEGANG PINTU SURGA,positif
75,"Tujuan Permendikbud ini sebenarnya bagus, namun ada poin penting khususnya pada  Pasal 5 ayat 2 yg menjadi kontro versi dan menimbulkan multi tapsir. Jika memang masih bisa direfisi sebaiknya direfisi saja",netral
76,Merinding aku dgr sek d perbolehkan aku punya ank gadis semoga d jauhkan dari perbuatan gg keji dn seboga hati nya gg putih d jga sama allah misalnya ank d perkosa sama pacar sampe hamil apa tdk merasa malu tentu saja malu kalo mau bertagung jawap kalo sdh d  cicipi tau rasa mau lagi eak nya jadi pacar bendigan aku putusin,netral
77,"Suka sama suka itu sendiri msh bisa dipertanyakan, krn ada yg terpaksa utk dianggap suka, itu yg sngt dikhawatirkan",negatif
78,"Mungkin ini maksud dari rancangan pasal tentang ""memperkosa istri"" yang ramai dulu, buka zina tapi secara logika ttp aja salah",netral
79,intinya klu mui melarang mk permen itu hrus d hpus,negatif
80,"Pernyataan ""jika hubungan seksual secara non-konsensual maka tidak boleh"" tidak bisa di ubah menjadi ""jika hubungan seksual secara konsensual maka boleh"" karena ini pernyataan yang invalid. Gue akan membuktikanya dengan tabel kebenaran

Katakan ""hubungan seksual secara konsensual"" sebagai p dan ""boleh"" sebagai q. Maka jadinya seperti ini

~p -> ~q
p
---------------
.•. q

Atau kalo kita baca

Jika hubungan seksual secara non-konsensual maka tidak boleh

Hubungan seksual secara konsensual
---------------------------------

.•. Boleh

Mari kita gunakan tabel kebenaran:

p | q | ~p | ~q | ~p -> ~q

T    T    F     F         T
T    F    F     T         T
F    T    T     F         F
F    F    T     T         T

Catatan:

T: proposisi benar
F: proposisi salah

Berdasarkan tabel kebenaran di atas dapat kita lihat bahwa baris tabel kebenaran di mana ~p -> ~q dan p nya benar ada pada baris pertama dan kedua. Sayang sekali di baris kedua q nya salah. Ini artinya pernyataan nya benar meski demikian konklusi yang diambil salah. 

Jadi, dapat disimpulkan bahwa pernyataan:

Jika hubungan seksual secara non-konsensual maka tidak boleh

Hubungan seksual secara konsensual
---------------------------------

.•. Boleh

Adalah pernyataan yang invalid.",netral
81,Partai Kekerasan Seksual,netral
82,kalo PKS menolak berarti aturan yg dibuat sudah benar...lanjutkan,positif
83,"Doa kami rakyat Indonesia, semoga semua yang terlibat dalam aturan setan ini, akan mengalami nya sendiri
Anak atau istri nya selingkuh atau dihamili oleh orang lain atas dasar aturan yang mereka pemerintah legalkan

Ya Allah, segera kan pemerintahan Jokowi ini berakhir dengan kehinaan, aamiin",netral
84,Selalu main tafsir,netral
85,"Kesan di publik ::
1. Bisa menimbulkan polemik
2. Bisa menimbulkan prasangka tuk pengalihan isu yg sdg ramai",netral
86,Wah hancur moralnya kalo ZINA DILEGALKAN,negatif
87,Abaikan pks!,netral
88,"Assalamualaikum semua, maaf Permendikbudristek no 30 tahun 2021 sudah dibuat & ditandatangani Mendikbudristek yg terdapat frasa ""tanpa persetujuan korban"" dalam pasal 5. Maaf sebelumnya ,  seandainya  mahasiswa yg mencium  mahasiswi secara tertutup di kampus . Tapi mahasiswi tersebut setuju & perbuatan mereka ketauan sama lainnya, apa perbuatan mereka termasuk pelanggaran & ditindak lanjuti menurut Permendikbudristek no 30 tahun 2021 ? 🙏😁😂",netral
89,"Muaantaabb.. skrng ""maen"" di kampus aman bro n sis, slama lw pade sama2 Nga'ngas, langsung Gaass.. 
Bwahahaha",negatif
90,Ingat Mas Mentri...buat aturan itu harus hati-hati. Karena kita khawatir jk suatu aturan bertentangan dgn aturan ALLAH mk pasti menuai adzab didunia maupun akhirat.,netral
91,"Kalau dua pihak setuju giatan e-esek maka tu bukanlah kekerasan/pemaksaan seksual. Kalau itu ja sih ya betul.
 Tapi hanya brenti di situ ja tu ga tolak pzinaan yang dipaksakan maupun perzinaan yang disetujui oleh dua pihak. Ni yang ga cegah terjadinya zina, ni yang ditentang. 🤔",netral
92,"Dlm tujuan pencegahan dan memberikan definisi yg pasti ttg kekerasan seksual, gak ada yg salah di ayat itu. Tafsir2 lain gak ada tempatnya dlm Permendikbud ini.",netral
93,"Terjadi ke ambiguan, seks bebas itu suka sama suka loh, tidak ada yg menjadi korbannya",netral
94,bagusnya di perbaiki jika memang salah,netral
95,"Doa mu sangat jahat, kamu bukan rakyat Indonesia.",netral
96," @Ummu Nayla  pasal mana yang membolehkan seks suka sama suka? Permebdikbud ini mengatur kekerasan seksual, tidak melegalkan perzinahan. 
Justru melindungi perempuan dari kejahatan seksual dosen, guru, ustadz, senior dll di lingkungan pendidikan.  Pakai logika, jangan kebencian membuta mata.",positif
97," @Gabriella Indah Charista  siapapun yang mendukung aturan setan itu ,maka dia juga termasuk di dalam doa umat Islam",negatif
98, @Ummu Nayla  WKWKKW iyaa deh,netral
99,"No 2 lg marak. Bikin kepo knp ditentang bngt. Coba klo diterapkan, siapa aja yg bakal kena tangkap y",netral
100," @M025_ INDRA  menrisek kok  bikin permen aneh mestinya bikin permen agar pendidikan nasional lebih maju dan cerdas, bisa merata ke seluruh wilayah Indonesia",negatif
101,"tidak dilegalkan, tapi permendikbudristek ini memang ranahnya bukan untuk menangani tindakan asusila tapi kekerasan seksual. kalau asusila kan ada persetujuan kedua belah pihak dan itu sudah ada peraturan yang lain yang dapat menangani hal ini.",positif
102," @Julidz  peraturan yg mana bro?setahu saya yg zina yg bisa di hukum di indonesia yaitu jika salah satu atau kedua pelakunya terikat perkawinan dengan orang lain,gak berlaku kalo kedua duanya single,itu pun merupakan delik aduan,artinya hanya bisa di proses lebih lanjut jika ada pengaduan suami/istri alias pasangan sah salah satu pelaku,seperti yg tertera pada pasal 284 KUHP",netral
103," @Julidz  ada rancangan uu kuhp soal perluasan aturan mengenai zina ini tpi bentuk nya masih RUU setahu saya yaitu kuhp pasal 417,makanya saya minta temen temen yg sekulib jangan protes soal ruu ini supaya cepat di sahkan,nanti kalo ada  aturan permendikbud atau uu kek di atas gak ribut ama kaum kons khususnya kaum islamis,gak capek ribut mulu",positif
104," @akhsan andi  Udah Ada Bang Pasal Perzinaan,Bisa Terikat Prostitusi Bahkan Berlapis Ke Perlindungan Anak Kalo Korbanya Masi Dibawah Umur,Secara Nasional Buat Yg Sama""Single Blm Ada Tp Kalo Secara Provinsi/Per Kota Udah Ada Masing""Hukumanya Entah Denda Atau Penjara,Cuma Ya Bagi Gw Uu Ini Bukan Buat Nanangin Tindakan Asusila Atau Zina,Uu Ini Buat Nangin Kekerasan Seksual Yg Dimana Korban Dalam Paksaan,Makanya Banyak Yg Mikir Ini Legalin Zina Padahal Konteksnya Beda,Dan Menurut Gw Knp Uu Zina Gabisa Buat Yg Sama""Single Karena Di Agama Lain Blm Tentu Ada Larangan,Setau Gw Yg Ngelarang Zina Secara Keseluruhan Cuma Ada Di Peraturan Agama Islam (Maksudnya Hanya Ada Ketentuanya Di Islam) Tp Gatau Kalo Agama Lain Ngelarang Tp Beda Konsepnya",positif
105," @akhsan andi  Iya Secara Nasional Baru RUU Tp Secara Peraturan Provinsi Atau Kota Itu Udah Ada,Ambil Contoh Ditangsel,Di Kota Gw Itu Kalo Ga Salah Kena Denda 2 Juta Kalo Ketauan Membuat Asusila Dikamar,Bisa Juga Penjara Kalo Berulang Kali Dan Ada Surat Perjanjianya",netral
106,"iya itu tergantung daerah nya mengatur atau tidak soal tindakan asusila ini,masalahnya kan gak semua daerah mengatur itu walaupun daerah itu mayoritas muslim,setahu saya ya,ralat kalo saya salah dan soal permendikbud islamis sebenarnya setuju bahwa kekerasan seksual itu perbuatan yg tidak bisa di benarkan,dan mereka tahu maksud permendikbud ini baik tpi mereka melihat ada masalah,ada celah,permendikbud ini bisa di manfaatkan beberapa orang maaf maaf contohnya ayam kampus buat legal standing mereka",positif
107,"tpi udahlah saya gak mau debatin ini karna gak bakal ngubah posisi kedua belah pihak, saya tadi liat di twitter kalo bakal ada pengujian materi permendikbud ini di ma,jadi ya liat aja lah kedepannya gimana",netral
108,P akai K ondom S elalu.,netral
109,"Nggak bisa ditindak dg pemendikbud no.30/2021, tp bisa di tindak dg RUU KUHP pasal 417.",positif
110," @Susi Tri Andarwati  jadi ada mekanisme hukum lain kan atau payung hukum lain gk sih, kalau ingin menjerat para pelaku tindakan asusila ?",netral
111," @Julidz  itu udah aku sebutkan, RUU KUHP pasal 417.",netral
112," @Susi Tri Andarwati  tpi itukan masih rancangan bu belum di sah kan makanya suruh teman teman ibu yg sekulib itu jangan protes soal ruu kuhp ini supaya nanti ini ruu cepat di sah kan,dan kalo muncul peraturan peraturan permendikbud kek di atas gak memunculkan polemik antara kaum sekulib dan kaum islamis",positif
113, @akhsan andi  temen2 saya? Siapa? Anda?,netral
114," @Susi Tri Andarwati  oh ibu gak punya temen temen sekulib,bagus lah bu,soalnya ini rkuhp jalan di tempat karna tekanan orang orang seperti mereka",netral
115," @akhsan andi  siapa itu sekulib, RUU KUHP yg mengajukan kan pemerintah juga, pemerintah juga yg ingin melindungi warga negaranya berbuat zina. Mendikbud pun mendukung pemerintah, namanya juga pembantu presiden. Jadi ga ada itu klausal mendikbud melegalkan zina.",positif
116," @Susi Tri Andarwati  namanya rkuhp berarti itu belum di sahkan jadi gak bisa mengikat,di komentar anda seolah olah rkuhp pasal 417 udah bisa menjerat pelaku perzinahan,bukan cuma yg terikat perkawinan tpi yg masih single juga",netral
117, @akhsan andi  ya tetap tidak merubah kenyataan bahwa pemerintah yg mengajukan dan berusaha untuk dpt selesainya KUHPnya. Artinya pemerintah yg berusaha melundungi warga negaranya berbuat zina kan? Trus apa hubungannya permendikbud dg dilegalkannya zina? Emang sebelum permendikbud zina dilarang? Apa UU yg melarang zina pada saat sebelum disahkan permendikbud?,netral
118," @Susi Tri Andarwati  ada sih tpi uu itu cuma mengikat kalo salah satu atau dua pelakunya terikat perkawinan itu pun cuma delik aduan,bisa di proses jika pasangan sah dari salah satu pelaku ngadu",netral
119," @Susi Tri Andarwati  ya emang pemerintah tpi masalahnya tuh ruu masih mangkrak alias belum di sahkan jadi belum ada payung hukum buat menindak pelaku perzinahan secara luas,kalo soal permendikbud itu emang bener gak ada kata ""zina""atau seks bebas tpi yg di protes kaum islamis,itu frasa ""tanpa persetujuan""",netral
120," @Susi Tri Andarwati  mungkin kalo permendikbud sedikit di revisi,ya mungkin juga kaum islamis akan lebih legowo dengan permendikbud ini",negatif
121," @akhsan andi  halah ga solusiable, spk agamais tp diem aja pas ada pelecehan dipesantren atau tempat pendidikan. Sampe keluarga lu yg kena mungkin lu bakal nikahin pelaku pelecehan sama keluarga lu yg jd korban maklum pemikiran tertinggal bin bobrok",netral
122," @Raja  bla bla bla mucho texto ,kalo gitu nikmatin aja perseteruan ini wkwkwkwk",netral
123," @akhsan andi  menrisex ni berlebihan , permen ni berlakunya di dunia pendidikan aja apa seluruhnya",netral
124,ente ngomong apa sih?ente nanya atau bikin pernyataan?,netral
125," @akhsan andi  terus knp kalo ada frasa ""tanpa persetujuan""? Kan udah betul itu. Kalo dg persetujuan artinya bukan pelecehan, lha wong sama2 mau.",positif
126,aduh udah males saya bahas lagi apalagi komen saya di balas sekarang,netral
127,Hehehe betul yg  terpenting setuju sama setuju,positif
128,mslh prbuatan zinah kn dah ada aturanny sndri d kuhp atau hukum agama msing2. lu komen kyak bocah paud. dah gede tp bloon,netral
129," @WongGemblung  seneng ni yee udeh bebas ""maen"" di kampus,,hemat bro ga usah ke hotel.. dilindungi negara.. 
Bwahahaahah",netral
130, @Rush Day  ya gni kalo toge dksih otak trs maen hp goblokny natural 😌🤣,netral
131, @julian 19  yaelah cuan banyak nih tukang eceran kond*m di kampus.. gas langsung stock banyakin.. ahahaaha,netral
132, @Rush Day  trnyta cuma k-drone kelas paud yg ngoceh..🤣,netral
133,"Setujuuuuj, dan pakek pakean pantai lebih jooos brooow",positif
134," @julian 19  karena KADRUN yg cerdas meggunakan akal sehat, gak ada permen aja nyuri kesempatan apalagi ada permen lebih berani ! Aku yakin selama manusia masih bermoral,berahlaq dan betul2 taat agama gak mungkin terjadi ! Makanya ayo semua ikuti perintah agama dan tinggalkan larangan agama masing2 brooow !",netral
135,aturan dari allah saja sering dilanggar (para pelaku kekerasan seksual yang melakukan kekerasan seksual) apalagi aturan yang dibuat manusia,netral
136,"karena senjatanya beda mas, ada senjata lain yang digunakan untuk memberantasnya. ada di KUHP yang bahas tindakan asusila",netral
137,Ibarat nila setitik rusak susu Sebelanga. Pasal 5 direvisi lagi. Apalagi itu sangat liberal. Menghalalkan penzinahan,negatif
138,"Sekalian pak nadiem, kurikulum pendidikannya ditambahi pelajaran ""cara seks bebas dan merayu pelacur"". 😆😂😆. Hukum negara semakin hari semakin mjd korban ""YG DIATUR"" bukan yg ""MENGATUR"".",netral
139,Entah apa yg merasukimu,netral
140,Turuuut menyimaak 🙏🥰,netral
141,"Direvisi Aja, kata GUS DUR: ""Gitu aja kok repot.""",negatif
142,"MUHAMMADIYAH, IKADI, & MUI (Khususnya dari Prof. K.H. Cholis Nafis) tegas menolak dan suruh cabut Permendikbudristek No. 30 Th. 2021. NU suaranya mana?! Oh, iya. Sudah diwakili Prof. K.H. Cholil Nafis.",negatif
143,PKS mana uu poligami blm turun,netral
144,"Negara bisa di truskan anak2 hasil zina,baguslah dimcok",netral
145,"kalangan perguruan tinggi gak.ada yg nolak....
dan sejak kapan orang jadi berzina karena peraturan menteri.",positif
146,Pak Cecep bicaranya kurang jelas ...,netral
147,Klu soal selangkangan PKS cepat tangap....😄,netral
148,"Kalau PKS sdh kritik pasti permen nya sdh benar, lanjutkan mas menteri",positif
149,"Ingat anggota PKS yg nonton bokep di ruang sidang???bwahaha PKS mau membela kasus kekerasan pada perempun??? Mprettt urusin aja kader2mu yg kampanye poligami, nggak semua perempuan dapat menerima poligami, itulah kalian diskusikan dulu...
Cari sensasi aja....jalankan aja UUnya, supaya cepat ada tindakannya sambil jalan diamati dan direvisi jika perlu...
Kakehan ngoceh",negatif
150,Legalkan zina:v pen jadi kek Jepang kali:v,netral
151,Kalo spt ini justru nantinya byk kasus aborsi efek hamil diluar nikah,netral
152,Peraturan itu sdh benar dan tepat. Kekerasan seksual harus dilawan dan dibrantas.,positif
153,"Tanda2 akhir zaman 
Naudzubillah",netral
154,Innalilahi wa inalilahi rooji'uun,netral
155,Moga aja oenggagas UU anak istrinya jadi korban dan plaku2 zina dan sek bbas..Aamiin,negatif
156,tidak mas. ini mah beda kasus dan beda senjata. kalau masalah kekerasan seksual di lingkungan kampus bisa ditembak pake permendikbudristek ini. kalau ngomongin tindakan seksual yang atas persetujuan kedua belah pihak di kampus (tindakan asusila) itu bisa pakek peraturan-peraturan di kampus (pasti ada peraturan yang melarang tindakan asusila di kampus) atau kode etik dosen (misal pelaku adalah dosen) terus juga ada di KUHP. jadi senjatanya harus disesuaikan. memang permendikbudristek ini gk bisa menindak pelaku asusila karena bukan ranahnya tapi ada mekanisme hukum lain yang jadi patokannya. kalau gitu sih aku nangkepnya dari berbagai perbincangan mengenai hal ini. jadi jangan bahas hal yang diluar konteks,positif
157,Jikalau korban di ancam agar dia ngomong atas dasar suka sama suka trus yg di penjara siapa ? Korban atau keduanya ?,netral
158,Nah itu. Klo ada yg kurng2 bisa diusulkan,netral
159,"kyk RUU PKS, direvisi entah mau nunggu korban bertambah sampe berapa banyak baru selesai~",netral
160," @Rifki Fauzi  iya, kelamaan. Giliran yg lain ngusulin ruu malah dikritisi.",netral
161,Anda benaaar.,netral
162,"betul bro, urusan ginian PKS ga nyampe nalarnya hahha jadi oposisi payah malah lemot",netral
163,Setuju wkwk,positif
164,Akhirnya Indonesia bisa maju kaya Jepang ga terus2an jadi Islamabad terbelakang.,netral
165, @Riza-kun  yang ada kena azab,netral
166," @xmbelgedesh  mitos yang cuma digaungkan kelompokmu. Kalo ""pondasi"" khayalan itu benar ada dan bukan cuma teori harusnya keliatan buktinya dari perbandingan negara-negara.",netral
167," @Riza-kun  makanya pahami pancasila dulu, khususnya yg pertama. 😆😂😆😂 jgn buka blue2 terus!!! Next, silahkan tanya ke pemimpinmu dan kawan2nya knp kok lebih mendahulukan ""materi"" drpd ""pondasi"" ?",netral
168," @xmbelgedesh  Yang ga paham pancasila itu dimana-mana kadrun ya, bukan kami. Soalnya make argumen ""ketuhanan"" pada aturan hukum agama menjadi hukum praktis adalah ideologi hukum syariat kaya di Arab, bukan Pancasila kaya di Indonesia.

Kalau iya begitu cara menggunakan Pancasila maka bank konvensional harusnya ilegal juga dong karena kata qur'an riba itu haram, kata injil juga bilang ursury itu haram. Tapi kan tetep aja ga ilegal, karena di ideologi demokrasi agama dan dosa urusan masing2 bukan urusan negara meng-ilegalkannya. Kita negara demokrasi bukan syariat. Pancasila itu demokrasi bukan syariat. Moga ngerti ya drun.",netral
169,Pasal mana yang dapat menyebabkan aborsi. Orang permendikbud ini tentang pencegahan dan penanganan kekerasan seksual kok digiring ke pelegalan zina.,netral
170,Klo zina dilegalkan tanda2 hari kiamat 🤣,netral
171,Kalau nnti hamll dluaar nikaah buru2 bilang sdh nikaah siriii??ikutan cara2 celeng nyari pembenaran n pembelaan..!!Pkoknya kitaa ikuti fatwa partai lurus dan  wakl Ketua MUI..soal UU bakal llos krna mreka mrasa kuat dan bkuasa silaaahkan apadaya rakyt ..tp sbg rakyt ada hak juga bdoa jikaaa bnar ituu maka smogaaa anak cucu istri mreka adalah pelaku dan korban2 sek bbas ..hamil brulang2 dluar nikah yg ga jlas siapa yg mnghamili ..dan istri mreka ga malu mlakukan sek bbas ddpan mreka skalipun nnti..demi mematuhi yg katanya UU,netral
172," @Dewi Sriyati12  ngedongeng apa sih bu?. Kyknya gk paham apa yg bahas taunya teriak aja apa yg dia dukung lgi teriakin, tapi gak paham apa substansi yg dibicarakan ckckck",netral
173," @Dewi Sriyati12  kasian nih ibu, kalah debat, nyerang personal. Pahami dulu ibu, jgn lgsg kemakan berita gorengan...😂😂😂😂😂",netral
174,"Gak ada tu, lha soal aborsi udah ada UU khusus yang melarang kecuali atas rekomendasi dokter 🤣",positif
175,Logika liar. Kalau saya ga mau seks bebas ya ga. Ini moral masing2. Kok nyalahin permen?,netral
176,"Saya mendukung sepenuhnya dengan syarat frasa ""dengan persetujuan korban"" dihapus. Karena Permendikbud ini bentrok dengan peraturan undang² tentang asusila, tidak bisa dinamakan ""korban"" kalau si korban itu menyetujui dari si pelaku kekerasan seksual. Asal suka sama suka berarti tidak masalah bukan ¯\_( ͡° ͜ʖ ͡°)_/¯ , seks bebas dilegalkan boleh melalui permendikbud 30 tersebut akan tetapi kontra dengan UU tentang asusila lainnya. Disitulah permasalahannya.",positif
177,"mau keras mau lembut, selama belum sah tetap harus di cegah, ingat sila pertama ketuhanan yg maha esa!artinya aturan agama lebih di utamakan!",netral
178, @Dian chanel  agama apa bro?,netral
179,bukannya sejak wafatnya nabi muhammad sudah dikategorikan ke akhir zaman ? jadi sejak nabi wafat hingga sekarang dan beberapa tahun kedepan itu sudah masuk ke akhir zaman,positif
180,"Lho, memangnya anda mendukung pelaku kekerasan seksual dinyatakan tidak bersalah, gitu?",positif
181,Kalimat mana yang menunjukan bahwa zina dilegalkan dari permendikbud ini bu?,netral
182,Aamiin,positif
183,biasanya yang nyumpahin gini balik ke orang yang ngucap sih,netral
184," @Muhammad Dzulfiqar  , ok lah anda menganggap Permendikbudristek no 30 tahun 2021 gak melegalkan zina. Dan juga. Permendikbud no 30 tahun 2021 sudah ditandatangani Mendikbudristek. Maaf sebelumnya,  seandainya ada mahasiswa mencium mahasiswi secara tertutup di kampus. Tapi mahasiswi tersebut setuju & perbuatan mereka ketauan sama lainnya, apa perbuatan mereka termasuk dalam pelanggaran & dapat ditindak lanjuti menurut Permendikbudristek no 30 tahun 2021 ? 🙏",netral
185, @Muhammad Farhan  ini peraturan pencegahan dan penanganan kekerasan seksual atau tentang aturan tindakan asusila di kampus? Itu dua hal yg berbeda. Ketika tidak ada kata persetujuan bahkan yg harusnya menjadi korban akan ikut dihukum juga karna semua tindakan tersebut adalah asusila yg dilarang jika tanpa ada kata persetujuan. Jika kata itu dihapus maka yg harusnya menjadi korban tindakan kekerasan seksual akan dapat ikut dihukum baik diamenyetujui atau tidak tindakan tersebut. Maka tidak ada perlindungan lagi kepada yg harusnya menjadi korban karna semua dapat dihukum karna berada pada tindakan asusila yg dilarang. Maka tidak ada lagi korban kekerasan seksual yang ada semua pihak yg terlibat dalam tindakan asusila baik di menyetujui perbuatan tersebut ataupun dia sebagai korban pemaksaan akan dihukum sama dengan dia yang seharusnya menjadi pelaku kekerasan seksual.,negatif
186,"Assalamualaikum @Muhammad Dzulfiqar  , iyaa saya tau Permendikbudristek no 30 tahun 2021 adalah permen penanganan & pencegahan seksual. Maaf ya , Permendikbud no 30 tahun 2021 terdapat frasa "" tanpa persetujuan korban"" dalam pasal 5. Maka dari itu, apabila ada mahasiswa mencium bibir mahasiswi  pacarnya & menggosokkan kelaminnya pada mahasiswi pacarnya secara tertutup di kampus . Tapi mahasiswi pacarnya setuju & perbuatan mereka   ketauan , maka bukan pelanggaran & gak dapat ditindaklanjuti , karena mahasiswi pacarnya setuju menurut Permendikbudristek no 30 tahun 2021. Berbeda jika mahasiswi pacarnya gak setuju, maka termasuk pelanggaran & dapat ditindak lanjuti menurut Permendikbudristek no 30 tahun 2021. Maaf sebelumnya, kejahatan  & kekerasan seksual akibat & berawal dari hubungan, perbuatan, kegiatan, tindakan seksual yg bertentangan nilai & norma (termasuk nilai & norma agama) yg merupakan akar masalah kekerasan & kejahatan seksual. Terimakasih, wassalamu'alaikum 🙏😊",positif
187," @Muhammad Farhan  permnedikbudristek 30 saya ulangi berfokus pada penanganan dan pencegahan kekerasan seksual berlatar belakang banyaknya kekerasan seksual yang pada akhirnya tanpa ada penyelesaian dan keadilan pada korban kekerasan seksual di kampus"" yang sudah sangat banyak terjadi tanpa adanya penyelesaina dan perlindungan terhadap korban. Dengan adanya permendikbudristek tersebut dapat sedikit membantu menyelesaikan masalah kekerasan seksual yang terjadi di kampus"".  Mengenai studi kasus yang anda sampaikan kira"" kasus tersebut tindakan kekerasan seksual atau tindakan asusila?. Ketika membicarakan suatu kekerasan berarti terdapat korban, korban artinya orang yang dirugikan bukan dan adanya pelaku yang menyebabkan kerugian?. Jika sama"" setuju apakah tindakan tersebut terdapat korban dan pelaku?. Tindakan asusila dikampus saya rasa sudah ada kode etik masing"" kampus terkait tindakan asusila dan sudah ada di KUHP dan UU perlindungan anak. Lain cerita jika permendikbudristek no 30 ini bertujuan mengatur tindakan asusila pada lingkungan kampus itu hal yg berbeda lagi. Jadi dimana letaknya pelegalan zina di aturan ini?.",positif
188,"Assalamualaikum @Muhammad Dzulfiqar  , maaf RUU KUHP zina belum disahkan. Maaf saudaraku,  seandainya ada mahasiswa yg mencium  bibir mahasiswi pacarnya & menggosokkan kelaminnya pada bagian tubuh mahasiswi pacarnya secara tertutup di kampus. Tapi mahasiswi pacarnya setuju & ketauan sama lainnya, apa  pebuatan mahasiswa tersebut termasuk pelanggaran & dapat ditindak lanjuti menurut Permendikbudristek no 30 tahun 2021 sendiri ? Maaf saudaraku , RUU KUHP perzinahan belum disahkan.🙏😊",netral
189, @Muhammad Farhan  permendikbudristek 30 mengatur tentang penanganan dan pencegahan kekerasan seksual dikampus bukan mengatur tindakan asusila dikampus yang lahir dari latar belakang yg telah saya sampaikan diatas. Studi kasus anda sudah saya jelaskan menurut pandangan saya diatas. Secara jelas belum ada yg mengatur tentang tindakan asusila di indonesia. Permendikbudristek 30 juga tidak ada pelegalan zina.,positif
190,"Assalamualaikum @Muhammad Dzulfiqar  , maaf apabila ada mahasiswa mencium bibir mahasiswi secara tertutup & dengan persetujuan orang terkait di kampus . Apa perbuatan mahasiswa tersebut termasuk pelanggaran & dapat ditindak lanjuti menurut Permendikbudristek no 30 tahun 2021 sendiri ? Maaf yaa, saya bicara Permendikbud no 30 tahun 2021 & bukan peraturan lainnya. Terimakasih, wassalamu'alaikum 🙏",netral
191,"Assalamualaikum @kodill chanell  ,maaf apabila ada mahasiswa mencium bibir mahasiswi  secara tertutup & dengan persetujuan orang terkait di kampus . Apa perbuatan mahasiswa tersebut termasuk pelanggaran & dapat ditindak lanjuti menurut Permendikbudristek no 30 tahun 2021 sendiri ? Maaf yaa, saya bicara Permendikbud no 30 tahun 2021 & bukan peraturan lainnya. Terimakasih, wassalamu'alaikum 🙏",positif
192, @Muhammad Farhan  studi kasus sudah saya jawab ya sebelumya. Terimakasih.,positif
193,"Artikel terkait: https://www.kompas.com/edu/read/2021/11/12/162526971/dua-sanksi-bagi-perguruan-tinggi-bila-tidak-ikuti-permendikbud-ppks

Media sosial Kompas.com:
Facebook: https://www.facebook.com/KOMPAScom/
Instagram: https://www.instagram.com/kompascom/
Twitter: https://twitter.com/kompascom
LINE: https://line.me/ti/p/@kompas.com
TikTok: https://tiktok.com/@kompascom",positif
194,SEMUA SIBUK BIKIN ATURAN DAN BISANYA BIKIN ATURAN. HABIT NEGARA GAGAL,netral
195,"Kalo ternyata korbannya hanya dirayu oleh pelaku sehingga mau buka baju.. terus melapor karena suatu alasan, mengaku jika dia sudah dipaksa oleh pelaku. Itu gimana?...",netral
196,setuju,positif
197,Semangat bang menteri.,positif
198,TETAP SEMANGAT JAYA RAHAYU DIAYOMI DIAYEMI pak Mentri....,positif
199,"Maju terus mas menteri, yang bilang pengaruh2 barat enggak tahu bahwa banyak juga negara Islam yang tidak perduli dengan kekerasan seksual dan tidak menerapkan kesetaraan gender...... Dan di barat lebih banyak negara yang peduli dengan kekerasan seksual ini.",positif
200,Ada oknum jahat dalam dunia pendidikan yang harus segera dibersihkan... Dunia pendidikan itu ramah untuk semua.... Maju terus Mas Menteri.....!!!!,positif
201,Maju terus Mas Menteri.... Sehat selalu.....Majulah Indonesiaku....,positif
202,mana ada kekerasan seksual di kampus....lha belajar aja online..masa iya kekerasan sexual secara online...wkwk,positif
203,Kekerasan seksual itu gimana....suka sama suka tapi jerit kesakitan apa juga kekerasan....kalo gak suka tapi diam merem melek gimana....,netral
204,"Lanjutkan mas mentri, yg nyirnyir mmg mrk kerjaannya mutarbalik fakta, mrk itu bodoh dan mabok agama, otak mesyumm, mrk pasti org2 Parte Konthol 5api (PK5).",positif
205,"Jadi  ""cuma"" merujuk ke definisi dari kbbi ? 🤭",netral
206,"Ini orang tidak punya etika moral orang indonesia,tapi di suruh ngurus soal pendidikan di indonesia,maka klo mmbuat peraturan pasti di bumbui sperti moralnya orang barat.padahal saat ini pendidikanlah pondasi grnerasi muda yg bermoral baik.",negatif
207,Aduh...kemayu banget suaranya.,netral
208,Mereka anggap perempuan cuma alat pemuas seperti boneka barbie yg bisa dicolet suka2.,netral
209,Menteri urusan seks bebas?,netral
210,"Jika banyak yg mengkritik, mk besar kemungkinan ada yg tdk benar. Jk tetap dipaksakan, mk hanya sedikit cara agar ditaati, yakni pemberian sanksi.
Apa yg bisa diteladani?",positif
211,Suruh ngojek saja,netral
212,Acak acak semua..kalo udh ancur khan baru puas..wanita yg seharusnya di jaga..malah tak aman bersekolah,positif
213,"Ya iyalah, itu jatuhnya manipulatif dan pemaksaan. Tetep bentuk kekerasan dan menyebabkan trauma, harusnya pelaku tau malu bisa menghargai diri sendiri dan org lain. Org yg punya wibawa gak berfikir untuk ngelakuin hal itu",netral
214," @Jessi S  kalo misalnya orangnya pacaran/ complicated lah.. terus putus, lalu terjadi kasus pelaporan yg sebelumnya, kejadian tsb dilandasi suka sama suka gimana ya?..",netral
215,Di cabut dan di revisi itu solusinya,negatif
216,Di cabut dan direvisi itu solusinya,negatif
217,"Foto siapa nih dipajang2 zer, kasian yg punya foto. Mosok ada emak2 berjilbab menghalalkan zinah😂",negatif
218,"Omongane rek, bayangin nek itu ibumu, adikmu atau anak perempuanmu di jamah orang dengan paksa... Mikir!!!",netral
219,"Pemikiran yang gak punya etika, gak pernah baca semua tujuan dan konteks Permendikbud ini. Malu ama diri sendiri wkwkkwkw…",netral
220,Suaranya kayk  b...............,netral
221,"Sok iye banget yang bilang gini. Ngaca dulu napa.. , inget umur woi…",netral
222,Kalu ada kekerasan seksual dimanapun tempatnya..bukankah itu udah ranah nya pidana ya..🤔😯ngapain buat permendikbud segala?kuhp nggak cukup 🤔...,negatif
223,Mana UU nya? Mana pasal kuhp yg ngatur kekersan seksual?,positif
224,"Gak ada dan memang KUHP gak cukup, banyak baca data dan perspektif nyata bukan asal kompor liat judul berita 😅 memang kuhp gak cukup untuk mencegah, melindung dan merehabilitas korban makanya di buat pasal ini.",netral
225,"Pendapat saya,   zina atas sadar suka sama suka tanpa Ada tekanan & Kekerasan maka perzinahan tidak akan terjadi. Perbutan ini membutuhkan tekanan & kekerasan",positif
226,"Judulnya bagus, isinya melegalkan kekerasan, tolong dibaca isinya dengan teliti pak mentri",positif
227,"Tujuannya baik, tapi bagaimana mas mentri menjawab frasa dalam permendikbud tentang ""tanpa persetujuan"" , artinya kalau dilakukan dengan persetujuan maka dibolehkan?",positif
228,"Banyak bacot nadiem, jelas salah ngeyel lo",negatif
229,Asatgfiruloh,netral
230,Munkin makarim sukak sex,negatif
231,Dajal,netral
232,"Makanya hrs nya kl terjadi kekerasan Sex pd wanita apapun alasan nya kl terbukti disetubuhin perempuan harus laki laki yg di hukum berat. Walaupun perempuan yg ngasi barang nya kl laki laki menjaga Jakar nya pasti tdk akan terjadi. Apalagi kl Guru, polisi melakukan kekerasan sex harus di pecat dan hukum seumur hidup.",positif
233,"Mengapa tokoh wanitanya diam terus ,ada apa?",netral
234,"Ngenyel banget sih para kadrun ama permendikbud ini, tujuannya udah jelas untuk melindungi korban dari kekerasan seksual di lingkungan perguruan tinggi. Di dalam Permendikbud itu tidak mengarah ke Zina.
Hadehh hadeh… bikin negara yang saya sayangi ini jadi ribet.
Kalau ngomongin peraturan Zina, sono usul ke DPR, untuk dibuat peraturannya. Jangan disangkut pautkan ama ruang lingkup konteks Permendikbud 30 Tahun 2021 ini.",negatif
235,Klo begitu supaya tidak terjadi hal-hal yg tidak diinginkan dipisah saja kelas khusus laki-laki dan kelas khusus perempuan macam gerbong kereta itu.,positif
236,kali ini mahasiswa menolak di tunggangi ulama2 kadron  otak mesum  yang selalu memahami salah permendikbud katanya melegalkan sek bebas dan LGBT @,negatif
237,Udah diperintahkan beliau pak Presiden Jokowi yang tanggung jawab para pendidiknya.,netral
238,"Semangat itu kita hargai ttp mslhx adh norma yg tertulis terhadap frasa ""dengan persetujuan"" itulah bukti legalx sex dgn persetujuan.",positif
239,"Kalau tubuhmu di bungkus seperti permen lollipop siapa yg gak tergiur? Udah di bungkus juga masih kelihatan bentuknya, ya kan?

Makanya di TUTUP bukan di BUNGKUS paham sampai sini mahaciwi?",positif
240,"Ojk ga berani tutup pinjol yg legal...pdhl praktek nya bunga pinjol legal tinghi bngt...
Mungkin ojk merasa ngga pernah dirugikan oleh pinjol...jadinya ngga penting bngt mikirin pinjol..
Bahasa lampau mengatakan :
"" Emang guwe pikirin ? """,netral
241,"Real bgt kekerasan seksual dikampus sdh darurat sekali..
Kenapa ada oknum yg tdk setuju dg Permendikbud ini... Dg alasan konotasi kata menghalalkan zina...
Tragis sekali negri ini",positif
242,"ini bikin RUU jangan disamain kyk bikin apps dong hehe.. kata2 bukan tanpa persetujuan, mirip waktu kita baru install apps baru di smartphone hihihi..",netral
243,Permendikbudristek ini udah pantas di terapkan namun klu dengan cara pemaksaan dan kekerasan alias pemerkosaan nggak bisa di benarkan  terkecuali keduanya sama sama suka dan sama sama senang. Bisa di terapkan permennya.  Begitu pak. Terapkan saja asalkan sesuai dengan kaidah kaidah hukum dan norma norma kesopanan alias jangan di pertontonkan.,positif
244,Ngeyel....,netral
245,Hadeh bagai mana kalo akhirnya mereka jadi LGBT bukan gak mungkin asal tau aja Bahkan di tempat sekelas pesantren aja Banyak LGBT cuma diem diem aja.,negatif
246,Mau tanya buktinya apa saya sendiri merasakannya teman saya di pesantren ada yang jadi belok karena tidak pernah melihat lawan jenis bahkan NARAPIDANA juga seprrti itu.,netral
247,"🤣🤣🤣efek menteri asal comot  
Gak jelas, mungkin gak ada orang pandai di indonesia",netral
248,Mentri juga harus musyawarah ma mui NU muhamdiah biar deal .... Jangan asal 1 aj comot 😂😂😂,netral
249,"Ancur nya iman ancur ahklak norma2... 
Yg d tekan semua yg terkait nya ga becus ngajar ngedidik  .. murid nya melanggar pecat aja... Kasian disen yg bener murid yg bener 🙏🙏🙏 oknum nya yg harus d babad d musnahkan",negatif
250,Enak nih..klo suka sama suka bebas gak di pidana...kaya kucing kawin di mna aja...,positif
251,"Otak mesum menyerap frasa tanpa persetujuan yaitu berarti boleh melakukan kalo disetujui...😂
Dalih seks bebas jadi tameng buat para kadrun otak mesum.
Apa yg membuat kontroversi itu hanya negatif saja otaknya? Ya iyalah....
Kalo konteks pelecehan dan kekerasan seks harusnya isi peraturan sudah benar. Kalo mau lari ke zina, Wani piro..? Itu sdh ada undang2 prostitusi jg... Jadi mau di bikin apa lagi?",negatif
252,"Kadrun doyan cabul gak terima, mereka gak bisa mesum lagi gara2 aturan itu.",negatif
253,"Dalam keadaan darurat,,, menyedihkan,,  dilakukan oleh Pendidik yang tidak terdidik.",positif
254,Usul pak Mentri  klu BLH  maha siswa di waktu   ujian smester klu blm bisa blm uang dmester klu di blhkan  ttap mask ujian sesudahnya ttp bayar seluruh maha siswa seluruh Indonesia swasta maupun negeri demi situasi kopit pemulihan ekonomi org tua lg  susah cari mkn  cm usul mksh pak Mentri THN 21 dan 22 atau byr stengah seluru jgn pilih2 klu blm  ada uang klu di blhlkan ikut smseter atau ujian maha siswa mksih pak presiden,positif
255,Melancarkan bisnis hotel 👍🤏,negatif
256,dah dengan sangat hormat  mundur saja  .,negatif
257,"peraturan ini berada dalam konteks kekerasan seksual, bukan zina. Jadi beda konteks, beda juga peraturannya. Mohon disimak sebelum komentar. kata kekerasan itu sudah pas dengan istilah persetujuan. Jadi, sebenarnya peraturan ini sudah matang.",positif
258,"Peraturan Pelecehan sexual Nakarim  dibikin celah utk sex bebas.akal2an aja hasil survey 
Nanti korbannya yg rugi",negatif
259,"Bagus pak nadiem, dgn peraturan ini gak ada lagi dosen cabul yg berani megang tangan atau pundak mahasiswinya TANPA IZIN, 
ga ada lagi dosen genit yg manggil mahasiswinya sayang atau i love you TANPA IZIN MAHASISWINYA,  

Karena kalau tdk dgn kata TANPA IZIN, dosen cabul itu akan berdalih hanya memegang tangan saja,hanya bergurau, hanya memfoto, dan ga akan bisa dipidana. 
Tapi dgn permen ini dosen cabul bakal gemeteran, takut utk beraksi, karena salah sedikit saja kalau TANPA IZIN mahasiswinya,  dosen cabul bisa kena pidana pelecehan seksual.",positif
260,"Permendikbudristekdikti 30/2021 jelas ada pasal yang membolehkan zina, maka harus direvisi pasal tersebut karena bertentangan dengan Pancasila sila 1 yaitu Ketuhanan Yang Maha Esa. Tujuan baik jangan melawan syari'at.",negatif
261,"Udh lah ganti aja menterinya sekolah pendidikan makin amburadul jaman skrg ,",negatif
262,hukum mati slesai. lama amat,netral
263,"89% laki-laki
4% perempuan
7% apa?",netral
264,germo,netral
265,"Kita gawat daruat dikampus karenahukum tidak jalan, kalau Nadim makarim tidak mampu silakan mundur berikan kepada orang yang dianggap mampu ""sekali lagi kita ingatkan kampus adalah untuk memanusiakan manusia bukan untuk beternak pelacur.",negatif
266,ada untung besar di lobang hidung dan lobang pantat lumayan buat bayar hutang😂,netral
267,"Kasian sekali padahal keluarganya islami bgt, eh dia dicomot sama Jaringan islam liberal😂😂😂",negatif
268,tapi kecebong tukang zina jadi bahagia ya bang kalo digerebek pas zina gabisa dijerat hukum😂😂🤣,negatif
269,Kadrun ituh yg suka pake koteka ya bro,netral
270, @Myth Randir  zinahnya cebong dilindungi Negara,netral
271,"klo ngotot lanjut bisa meledak populasi di indonesia nie. 
Bakalan banyak anak hasil hubungan diluar nikah.",negatif
272,"Setiap orang beda pemahaman. Klu ada kata2 tanpa persetujuan, berarti klu setuju berarti boleh melakukan zina?",netral
273," @DIAS Channel  kalau setuju dan melakukan zina sudah tidak memakai aturan Permendikbud No 30, bisa di alihkan ke Undang undang yang mengatur tentang zina.",positif
274," @DIAS Channel  makanya dibaca baik-baik suupaya pemahamannya menyeluruh, gak setengah-setengah. Ingat konteksnya bro, muatan kata kekerasan itu mengandung persetujuan atau tidak, ini kan bukan undang-undang tentang zina. beuh!",positif
275, @Purnomo  benar sekali.,positif
276," @Purnomo  kalo gitu ntar jadinya malah pembenturan antar undang2 dong,gimana kalo si pelaku bersembunyi di kata ""tanpa persetujuan"" Di dalam permendikbud no.30?apa undang2 yg lain bakal bisa menjerat si pelaku?",negatif
277," @Bayu Hasanudin  justru kalau ""tanpa persetujuan"" di jerat menggunakan permendikbud no.30",positif
278," @Purnomo  mksd ane gini bro,kan di permendikbud no.30 itu semua tindakan bakal disebut sbg kekerasan seksual jikalau ""TANPA PERSETUJUAN KORBAN"",jadi kalo korbannya setuju,apa bakal disebut kekerasan seksual??kalo tidak,trus fungsi permen ini apa?iya ane tau permen ini fungsinya sbg benteng buat korban pelaku kekerasan seksual,tapi in other side menurut ane,permen ini scr gak langsung melegalkan seks bebas dengan adanya kata ""TANPA PERSETUJUAN KORBAN"" itu,ane gak bilang permen ini  buruk,tapi bagi ane permen ini kurang worth it dengan adanya kata ""TANPA PERSETUJUAN KORBAN,kalo permen ini di konfirmasi dan di patenkan dengan ada Kata "" TANPA PERSETUJUAN KORBAN"" Didalamnya,ane menolak keras sih",negatif
279," @Bayu Hasanudin  pelecehan seksual itu bukan cuma dlm bentuk tindakan, banyak cara bentuk pelecehan seksual, bisa dgn verbal, penggunaan otoritas, memfoto/video, bahkan memandang dan bersiul aja bisa jadi pelecehan seksual.

Kalau tdk ada namanya kata ""tanpa persetujuan korban""..
Pelaku bisa berdalih hanya bersenggolan, hanya bergurau, hanya memfoto, hanya menjalankan tugas,.. 
Dan ga bisa dipidana,, 

Contoh
kalau ada org memfoto wanita, itu mana bisa disebut pelecehan kalau ada persetujuan wanitanya. 
Tapi kalau fotonya diambil tanpa persetujuan si wanita dan si wanita ga terima, 
Itu bisa jadi pelecehan seksual.

Yg menentukan mana pelecehan seksual itu bukan pks, bukan mui, bukan elu yg melihat, 
Tapi si korban yg merasakan.",positif
280," @Purnomo  Ngga ada btw. Sejauh ini hukuman zina di KUHP itu cuma buat pasangan yang sudah menikah. Kalo belum menikah mah gaada aturannya di negara kita, lanjut terus asalkan suka sama suka mah...",negatif
281," @kucingmasjid_ | 馬花戀  ya berarti nuntut nya ke yg buat KUHP,  bukan ke mendikbud.  Mendikbud hanya mengikuti aturan yg sudah ada",netral
282,"kalo sama-sama mau, ya lanjut terus zina dimanapun dan kapanpun ya🤣🤣😂 Dosen bakalan enak punya banyak placur di kampus karena sama-sama mau😂🤣",negatif
283,"lagi juga mana mau anak 20-an berzinah sama bapak dosen pembimbing usia 50-60 an
kebanyakan ga dikasih izin",netral
284,Demi nilai bagus...terusin pak dosennnn😁😁😁😁gak apa apa......asal nilai bagus......akhirnya bercocok tanam kake sugiono merajalela....mengecrotttt crott crott,negatif
285," @idham coy  lihatlah kelakuan kadrun, mereka sok paling beragama,
tapi lihat aja ni bentuknya macam begini.
Cara nya komen, caranya berpikir,  pasti ga jauh2 dari selangkangan. 
Begitu mungkin ajaran ulamanya.",negatif
286, @Jhon Ghost  lah ngapah jd ke sosoh ya....😁,netral
287,"Syariat?  Dikit"" ngomong agama n syariat .
Poligami n 
Binik bnyak bolih  🤪😁 
 CMA dalih saja. Pembodohan saja
Puih......bulsit",netral
288," @Wiji Asih  kenapa dgn poligami? Lu iri di agama lu gak bisa poligami, lagian poligami di islam gak bisa asal, ada syarat yg berlaku dan cukup susah. Jika gak bisa memenuhi syarat gak bakal bisa poligami",positif
289," @muhammad widi sya' bani  
Hhhh aq Islam 
Aq Muslim 
Tpi jjik dengan Poligami !
Aq gk mcm elu yg doyan sekangkangan.
Yg doyan Poligami !
Kita siapa Poligami Susah? 
Ijab siri sdah sah.
Mau 3 /4 binik. BSA .",netral
290,Udah biasa kadrun menolak Undang undang kekerasan seksual,negatif
291, @Kelebihan Bayar  kadrun ituh yg suka pake koteka ya bro,netral
292,Udah biasa kadrun menolak uu kekerasan sexual,negatif
293, @Kelebihan Bayar  udh gajian blm bro,netral
294, @KELUARGA BINTANG  Gajian? Hahaha faktanya begitu kok hahaha gak nangkep banget maknanya apa yang mau di sampaiin mas nadiem,netral
295,BILA NADIM BERADAP AKAN MEREVISI,negatif
296,Koment 1..,netral
297,Udah biasa kadrun menolak undang undang kekerasan seksual,positif
298, @Kelebihan Bayar  udh gajian?,netral
299,"klo dia beradab mah dicabut, dia membuat sesuatu yg jelas hitam-putih menjadi abu-abu.",positif
300,"Bingung sendiri ketika tak paham syariat 🤷🏻‍♂️
#risikoBERIKHTILATH",netral
301,"3 minggu yang lalu, pas gue sholat jumat, imam khotbahnya kaya begini nih... tabayun, baca bener2, baca kasus2 aja belum. Udah main klaim ini Permendikbudristek melegalkan zina. Hadeh.... nyesel gue jumatan.",negatif
302,mengmangtap waktunya kentu…,netral
303,Akhirnya...,netral
304,"POLA PEMIKIRAN SEMPIT

JANGANKAN SEKS BEBAS, BUDAYA OPEN BO DI KALANGAN MAHASISWI BANYAK KOK


BANYAK TUH TEMEN ANE AYAM KAMPUS TERUTAMA DI KAMPUS UIN

PAGINYA BERKERUDUNG

MALAMNYA BUKA WARUNG",negatif
305,"Perdebatan ini konyol sekali. Jelas2 tujuannya utk pencegahan kekerasan seksual. Kekerasan seksual hoiii. Jadi mana yg termasuk atau ga termasuk.
Kalau mau ngomong masalah seks bebas, tinggal buat peraturan baru tentang kode etik perguruan tinggi dgn sanksinya..
Duh, alasan penolakannya terdengar goblok sekali..",positif
306,Sak karep2mu,netral
307,"Melegalkan zina?
Ya kalian cari cari selangkangan mulu.",negatif
308,"Yg bilang permen ini melegalkan sex bebas, fix orng"" yg males baca, dan kalaupun baca sesuai nafsu mreka",negatif
309,"Ibarat kita pasang peringatan ""Dilarang kencing di sini"", terus dianggep boleh BAB.

LOGIKANYA MANA, WHYYYYYYPOSISI",negatif
310,Buset ini suara fattah wnf1? Nyampe sini juga euy wkwk,netral
311,"Cadel, geli",netral
312,"Dari dulu MUI cuma bisa nolak2 + ngritik doang
Dari dulu banyak kasus homo, pencabulan di pondok. kdrt, perkosaan dll MUI sampe skrng ayem2 aja ga nerbitin fatwa atau aturan

Giliran ada yng peduli malah dibantah mentah2",negatif
313,Gini klo pasal ini acc.. para ustad/habib mesum g bisa apa2 lagi,negatif
314,Mungkin anggota permendikbud otaknya ngeres semua,negatif
315,Lah ini saya di kampus samping orang pacaran apa harus saya laporkan ke dua orang ini melakukkan kegiatan zina di kampus ?,netral
316,Kebiasaan indonesia gak bisa paham konteks,negatif
317,NANTI HAMIL NANGISS !!,negatif
318,"Seringkali orang salah fokus dengan apa yang di tetapkan oleh pemerintah, apakah ini benar benar kesalah fahaman atau intrik politik untuk menjatuhkan dan memberi kesan buruk? Seharusnya sebagai politisi, tokoh publik apapun itu berusaha untuk objektif menilai dan memahami sesuatu demi kemajuan bangsa bukan untuk unjuk identitas bahwa dialah yang harus didengarkan!",negatif
319,"justru dengan adana permen ini memberikan perlindungan buat korban untuk berkata tidak ketika ada pelecehan seksual karena sudah dilindungi secara hukum sekarang, apalagi udah jelas garis-garis terkait tindakan apa aja yang termasuk ke dalam pelecehan seksual",positif
320,"Yang menjadi poin disini adalah seharusnya pemerintah menutup segala hal yang mengarah kearah seksual (zina). Kalo dgn permen ini bsa menaggulangi kekerasan seksual, lalu nanti bagaimana dengan pergaulan bebas di ranah pemuda khususnya mahasiswa. Nahh itu harusnya juga dipikirkan, bagaimana jika nntinya ada kasus2 lain yg berhubungan dgn seksual. Melihat keadaan pemuda yg saat ini seperti tidak ada batasan norma dalam bergaul hidup sebebas bebasnya. Sungguh jauh dari norma2 beragama",netral
321,Pelecehan sesk itu banyak yg dibujuk dan akhirnya mau dari pada yg diperkosa karna jalan terakhir karna ga mau.,negatif
322,Orangnya aja culun y gtu,netral
323,audio editingnya jelek sekali,netral
324,"Masak frasa atas persetujuan pribadi itu diganti atas ijin partai-mu? beri solusi frasa yang baik, jangan memprotes atau membelokkan kata yang sepertinya sudah cocok untuk digunakan, dan jangan semudah nuntut untuk dihapus, itu solusi cetek.",positif
325,"Kata2 diganti,selama menteri nya bukan dr kadrun pasti digoyang terus,lihat pariwisata sekarang adem kan? seorang Wisnutama yg hebat aja tdk berkutik JD menteri,karena sekelilingnya kadrun semua",netral
326,"Yang protes dan cari celah tolol, udah tau konteks nya UU untuk kekerasan seksual, PAHAMI FOKUS UU NYA DIBUAT UTK APA. kalau permasalahan perzinaan atau perselingkuhan itu beda lagi dan sudah ada KUHP nya..... Kalau tolol dari lahir memang susah",positif
327,Yang menolak memiliki pemikiran konsevatif fundamental wkwkwwkwk,positif
328,"Kritik: Emang pelecehan seksual ada yang gak dilakukan tanpa kekerasan dan hasil persetujuan orang lain?

Opini; yang namanya pelecehan, verbal & non verbal mungkin yang panjenengan maksud, sudah pasti kekerasan dan orang macem apa yang ngasih persetujuan ke orang lain buat dilecehkan?",positif
329,"Mengembangkan pola pikir aneh dan dangkal memang cara mereka dalam menolak PPKS, mereka selalu menggunakan logika terbalik dalam berargumen menolak hal yg mereka tidak suka 😄 rata2 mereka adalah pengikut Partai Kekerasan Seksual",positif
330,Mendi diem aja borr drpd resiko 😂🤘 udh serah indonesia nantinya jd apa bodoamat,netral
331,"Apa susahnya hapus diksi ""tanpa persetujuan korban"".   Yang nama nya korban pasti g setuju.",negatif
332,"Melegalkan zinah? Pasal zinah di KUHP aja syaratnya salah satu pelaku harus dalam hubungan pernikahan, mirip seperti aturan selingkuh memang. Lalu kalau para pelaku belum menikah? Ya tak bisa dijerat hukum pasal zinah. Bisa gak KUHP ini dibilang melegalkan zinah?  So, kalau masalah multi tafsir, pasal yang udah jelas aja bisa ko ditafsirkan lain. Wkwk",negatif
333,"kamu gak lulus ya untuk ujian matkul ""A"", kamu ujian ulang, temui bapak di oyo, kalo kamu gak mau, kamu gak bakalan lulus (pengalaman pribadi, mantan gua di ancem gitu)",positif
334,"Gampang saja. Tinggal hapus kata ""Tanpa Persetujuan"". Selesai urusan",negatif
335,Wah kacau,netral
336,"Niatnya baik, jalannya keliru. Kalau mereka mau zina jadi ilegal atau bisa dipidanakan, ya usahakan agar diatur di KUHP, jangan mendompleng masalah kekerasan seksual yang riil dan urgent. Pertama RUU P-KS, skrg Permendikbud ini, apapun niatnya tindakannya jelas2 menghambat.",positif
337,"Berarti norma/agama/aturan kampus & masyarakat blm kuat? Perlu dibuatkan peraturan berbeda dengan fokus Zina / seks di luar nikah?

(Terus peraturan Zina ini isinya apa? Hukuman, kriteria, definisi, dlsb)",netral
338,Fokusnya permennya aja tentang kekerasan seksual bukan zina secara umum.,positif
339,"Kadrun apaa??
Kadal gurun
Katak bhirun
Kamu Kuntrun

Kadrun kan ucapan yg suka dipakai orang yang mengaku sering dizolimi, padahal aslinya sering jilat ludah sendiri.. dan ucapan itu dulu pernah diucapkan para PKl",negatif
340,The ugly truth,negatif
341,Partai korupsi sapi berkedok holaqoh juz amma,netral
342,"Makanya belajar hukum om biar tau, baca produk hukum bukan seperti baca novel.",negatif
343,"kalo ada persetujuan, itu bukan kekerasan seksual, perbuatan seks diluar nikah itu BUKAN KEKERASAN SEKSUAL, tapi perbuatan yang melanggar norma agama, makanya kalo baca tuh yang bener.",negatif
344,"Toh consent itu bukan hal baru di indonesia, mengambil barang orang tanpa izin (consent) bisa dikategorikan sebagai tindakan pencurian.",negatif
345,Waw,netral
346,Woahh parah anjir,netral
347,Parah bgt tu,netral
348,apakah sudah diberitahukan ke pihak sekolah atau kampus?,positif
349," @Aldo Binar  udh clear bro, dosennya udh di depak sm pihak kampus, yg penting ada bukti aja dari percakapan tsb.",positif
350,"Udh baca uu nya? Klo dihilangkan kata tanpa persetujuan maka bisa dikategorikan pelecehan seksual setelah ada kontak fisik, tp klo ada kata tanpa persetujuan maka ketika pelaku baru menawarkan transaksi seks, misal lu ditawarin dosen nilai A tp minta lu foto telanjang, baru verbal lu udh bisa jd kan alat lapor, karena transaksi yg dilakukan tanpa persetujuan lu, gw lihat lu make foto ginian pasti kemampuan pemahaman seharusnya udh diatas rata2 dong",netral
351," @Alluxes S  ohh,, jadi sebelum ada permen ini kalo dosen nawarin seks aman ya bro?? gak bisa dijadiin alat bukti??",positif
352," @awi asnawi  gak bisa selama belum ada kontak fisik, teman gw dlu korban 2, kita mau laporin pun apa yg bisa dilakukan dan dasar apa, Makanya dalam permendikbud bahkan catt calling aja bisa dianggap pelecehan,",positif
353," @Alluxes S  mereka kurang literasi, tapi pas diedukasi malah nyerang balik.",negatif
354," @Aufa Billah  selain kurang literasi mereka ini juga tipe org yg mikirnya ngeres mulu bro, jd susah memproses positif informasi yg berkaitan dengan seksual,",negatif
355," @Alluxes S  iya benar, apa-apa dikaitkan dengan pro zina. 1 pasal kok dibebankan untuk seluruh perbuatan asusila, ada-ada aja cara berfikirnya.",negatif
356,"Pelecehan verbal itu udh ada pasalnya
315 KUHP dan 289 - 296 KUHP
Itu udh pelecehan verbal tanpa ada sentuhan ato secara interface",negatif
357,Memang kacau Mentri Mentri Nya,negatif
358,"Sebenarnya permen ini sangat sederhana,  permen ini dibuat untuk melindungi korban pelecehan seksual, hanya itu saja.  (Tanpa persetujuan korban)  begini ya saya definisikan , pelecehan seksual yg dimaksud itu adalah ""tindakan""  yang dilakukan oleh orang A kepada orang B namun orang B tidak menginginkan ""tindakan"" itu terjadi padanya.  Ya bener dong tanpa persetujuan korban.  Konteks nya sampai situ selesai. Jangan ditambah tambah kalau sama sama setuju boleh dong?  itu sudah lain cerita , kalau suka sama suka berarti zina, bukan pelecehan seksual .",positif
359,Ada penumpang gelap para feminis dan liberalisme 🤭🤭,netral
360,Lapor balik haha,netral
361,Kami tenaga honor di kodya bandar lampung belum di gaji selama 9 bulan tolong pa mentri makarim,netral
362,"Kalau korban membolehkan untuk dilecehkan/disetubuhi,,, itu namanya membiarkan perzinaan,,, nah itu juga sama aja melegalkan zina.... 
Mendekati zina aja gk boleh apalagi lebih dari itu.... 
Undang2 ini jelas harus ditolak dan jgn dibiarkan dilegalkan...",negatif
363,Mentri mendikbud dan menagnya sama aja🤣,netral
364,"Kalo korban nya mau ya gpp , yg penting tidak ada paksaan. Mau sama mau. Bisa wik wik di kampus enak dari pda di hotel byar.",negatif
365,"topik gak berkualitas, kasihan bangsa ini kapan majunya... 😭",netral
366,dhungu suka ngibul,netral
367,"Kalo di lakukan suka sama suka tanpa ada ikatan pernikahan sah2 saja.. begitu? 
Sama z itu nama nya melelgalkan zina",negatif
368,itu yg bikin aturan kalau anaknya sendiri setuju giitu gapapa lah ya awkwk goblok2,negatif
369,Otaknya dah gak jalan/rusak,netral
370,kapan yah para pak mentri berhenti bikin polemik dan panik org awam kayak kami ini....,negatif
371,Kalau di kampus terjadi seks atas ada persetujuan atau suka pada suka gmna itu..🙆‍♀️,netral
372,Ini mengama ko begini pintar tapi pura2 bodoh,netral
373,"Ada yg suka putar balik kata,Menteri Nadim 👍👍 buat anak Negeri RI.gatal mulutnya barisan sakit hati loos job. 😀😀😀 Pecatan.",negatif
374,Kalau tanpa ada kata persetujuan bisa bahaya. Nanti org bergandengan tangan berjalan di anggap pelecehan seksual.,negatif
375,Gak jelas ini orang mau ngikutin orang barat,netral
376,"Saya muslim dan saya sangat mendukung permendikbud ini,dan menurut saya permen ini jauh dari konteks zina",positif
377,Kalau analoginya kayak gitu berarti yang menolak permendikbud ini bisa di analogikan pendukung tindak kekerasan seksual di kampus dong?,negatif
378,"Mungkin nadiem makarim kurang konsen, ntar paling direvisi",negatif
379," @Eddy Sudarmadji  makasih org pintar, org pintar gitu cara bicarnya. hebatt.....",positif
380,"Lihat podcast dedy corbuzier aja bang pas sama mas nadiem sama mbak cinta laura,biar jelas semuanya",netral
381,"tetap kena pasal kuhp perzinahan, permendikbud ini melindungi mahasiswa dari dilecehin dosen, karena banyak kasus pelecehan di kampus itu ditutup tutupi, kalo ada peraturan ini ada sanksi bagi para dosen dj universitas",positif
382,"manusia memang tempatnya salah, walaupun sekelas mentri pun bisa membuat kesalahan, saya harap kalimat tersebut bisa direvisi lagi supaya lebih jelas maksudnya, karena soal hukum tidak boleh multitafsir",negatif
383,sempit,netral
384,"Begitu pula dengan siswa siswi yg mempraktikan seks bebas, benar kan",netral
385,Makanya kalau buat peraturan yg jelas sehingga tidak terjadi keambiguan dan multitafsir,negatif
386,"Lihat podcast dedy corbuzier aja bang pas sama mas nadiem sama mbak cinta laura,biar jelas semuanya",netral
387,"Kekerasan seksual itu pasti korbannya tidak setuju , kenapa di cantumkan kata kata tanpa persetujuan korban , kata kata tanpa persetujuan korban berpotensi di salah pahami , untuk itu hilangkan kata kata tersebut",positif
388," @isa ansori  😂 betul, disitulah keambiguannya. Tidak perlu frasa ""tanpa persetujuan korban"" sudah sangat lugas",negatif
389,"Masih ada peraturan lain yaitu pelanggaran asusila.jadi peraturan ini khusus utk yg melakukan kekerasan seksual.jadi kalau ada yg mekakukan perbuatan asusila suka sama s.uka walaupun bkn kekerasan  seksual bkn berarti mereka tdk dihukum ttp ttp dihukum krn melanggar peraturan asusila.contoh psk dan langganannya kalau tertangkap harus dihukum karena melanggar peraturan asusila,walaupun tdk ada unsur kekerasan seksual..Jadi pak Nadiem sama sekali tdk melegalkan seks bebas.Jadi tujuan peraturan ini jgn dipelintir seolah2  kalau terjadi kekerasan seksual mk yg salah adlh pihak wanita dan yg pria seolah2 tdk bersalah",positif
390,"Pak mendikbud itu kan orang pinter yaa?
tolong dong buat peraturan dengan tata bahasa yang tidak buat gaduh
tanpa persetujuan korban
jadi klu misalnya kasusnya mau sama mau gk ada hukuman kan yaa
cb pikir mau jd apa generasi muda lita pak
itu kan sm aja mereka menggnggap suka sm suka gk masalah
dgn kata lain itu membolehkan zinah
contoh ada ditemukan kasus dua muda mudi melakukan hub badan di suatu tempat dn mereka bilang kami mau sm mau, bisa dihukum gk?
jgn beranggapan semua orang bisa memahami maksd anda klu kalimat yg anda buat itu tidak gampang dipahami semua orang.",negatif
391,"Pak menteri buat PETA JALAN PENDIDIKAN,  silahkan saja. 
Pak Menteri buat KAMPUS MERDEKA, mulai hangat...
Pak Menteri  MELEGALKAN ZINA, ini sudah keterlaluan.....",negatif
392,"Makanya jangan bersifat ambiguitas dong kalau buat aturan itu,ya harus tegas lugas dan mudah dicerna oleh msyarakat umum...",netral
393,"Nadiem itu sebenarnya punya niat menghancurkan negara ini dengan berbagai cara , karena dia musuh dalam selimut",negatif
394,"Tinggal dihapus *Tanpa izin korbanya*,  kita hanya minta itu wahai DPR, gimana kalo korban menyetujui ? Berarti diperbolehkan dong ? Mikir dong wahai DPR.. Kalian tuh wakil rakyat dengerin lah rakyat, kalian digaji juga dari rakyat wahai DPR..",negatif
395,"kalau pencegahan ya sudah, pastikan dengan tegas... hilangkan saja atas persetujuan korban... jadi mau disetujui atau nggak ya ga boleh. titik",netral
396,Yg..lebih..baik mah..di epaluasi lagi..,negatif
397,"Salah sendiri bikin permen pake kalimat yg tegas, jgn ambigu. Salah ente sendiri, kok orang lain yg mentafsirkan dituduh memfitnah",negatif
398,"Itu akibat memberi jabatan pada bukan ahlinya,,tunggu kehancurannya...",negatif
399,Beginilah  jadinya negara kalau diberikan pada org org yg  bukan ahlinya tunggu kehancuran nya,negatif
400,"Kalau ada paksaan dan tidak ada persetujuaan satu pihak maka, dapat dilaporkan dan menjadi pidana dengan adanya korban dan pelaku. Kalau tidak ada paksaan atau suka sama suka maka, keduanya dinyatakan pelaku tanpa ada yang jadi korban (dengan catatan kalau ada yang menciduk atau ada yg melihat serta melaporkan.)",netral
401,MENAG dan MENDIKBUD...bencong berbulu jantan...😁,netral
402,Mentri di rezim ini banyak yg minim akhlak.,netral
403,"Saya setuju dgn permen uu ini, tp tolong kata kalimatnya direvisi, (tanpa persetujuan korban) dihilangkan, jgn menjadi ambigu yg akhir menjadi dua sisi pemahaman, apabila korban korban memberi persetujuan, itu gimana? Permen uu ini udah bagus untuk mencegah, tp kata (tanpa persetujuan korbannya) itu direvisi! Sekian terimakasih.",netral
404,Copot mentrinya tidak beres,netral
405,Pecat aja yg membuat frasa seperti ini... Rakyat gaji orang seperti ini sayang uangnya..,negatif
406,"Hati klo sdh busuk, iri hati mendarah daging, otaknya kadang gak singkron. Tujuan permen spy kekerasan dlm kampus para pelaku spy bisa diadili.",positif
407,"Mungkin yg gak setuju itu gak bisa baca, SD-nya gak lulus...",positif
408,"Coba baca lagi judulnya, nih saya tulis lagi sambil pake capslok biar bisa terbaca PENCEGAHAN DAN PENANGANAN KEKERASAN SEKSUAL. jadi kalau suka sama suka bukan termasuk KEKERASAN SEKSUAL tapi perzinahan dan kalau harus di hukum di hukumnya pakai pasal/hukum/peraturan yang lain. 
Kalau tanpa persetujuan ""dianggap"" melegalkan zina, berarti bisa saja bahwa orang-orang yang menolak dan mempermasalahkan permendikbud ini ""dianggap"" sebagai pendukung kekerasan seksual. Emangnya mau dianggap gitu?",positif
409,Jangan suka fitnah,netral
410,"Lihat podcast dedy corbuzier aja bang pas sama mas nadiem sama mbak cinta laura,biar jelas semuanya",netral
411,"Jangan suka fitnah mas, istigfar",netral
412,"Lihat podcast dedy corbuzier aja bang pas sama mas nadiem sama mbak cinta laura,biar jelas semuanya",netral
413,"Iya bener,kata 'atas persetujuan korban' harus dihilangkan",negatif
414,Jadi korban tapi kok sama2 setuju?,netral
415,"Lihat podcast dedy corbuzier aja bang pas sama mas nadiem sama mbak cinta laura,biar jelas semuanya",netral
416,Dia itu anak muda bangsa yang prestasi nya udah nggak usah ditanya lagi pemikiran dia luas bukan sekedar omongan tanpa isi,netral
417," @Unkown  iya dia mungkin akan tetap menjalankan permendikbud 30 nya karena penting dan merevisi kalimat ""tanpa persetujuan korban""",negatif
418,"Woe lu kira dia menteri embel embel?dia dulu generasi muda yang udah nunjukkin prestasinya,bukan sekedar ngomong doang tapi isi nggak ada,Lihat podcast dedy corbuzier aja bang pas sama mas nadiem sama mbak cinta laura,biar jelas semuanya",positif
419,Banyak menimba  ilmu Bung biar  gak ngaco ngomong.,netral
420,"Lihat podcast dedy corbuzier aja bang pas sama mas nadiem sama mbak cinta laura,biar jelas semuanya",netral
421,atau mungkin mereka yg melecehkan 🤣🤣🤣,netral
422,"100% Setuju, tapi tolong frasa ""tanpa persetujuan korban"" dihapus agar lebih jelas dan tidak multitafsir",positif
423,"Permendikbud merugikan perempuan. Bagaimana bila si pelaku mengatakan bahwa dia mendapat persetujuan dari korban,maka dia bebas..",negatif
424,"Lho ini kan konteksnya mengatur kekerasan seksual bukan mengatur zina, ko bisa arah berpikirnya ke situ?",netral
425,"Pecat saja Dekan spt itu,wlpn itu hny baru mencium tp itu sdh pelecehan,kasihan cewek yg jd korban.Pendidikan Moral Pancasila jngn di hapuskan",negatif
426,"Mau persetuan atau tidak yg namanya hubungan di luar nikah ya ZINA namanya ....
Mentri pendidikan tp gk ngerti cara mendidik",negatif
427,"redaksi atau rumusan frasa dan kalimat dari isi / pasal ketentuan hukum wajib disusun secara denotatif tanpa kemungkinan bercelah bagi aneka penafsiran, tanpa cacat formil maupun materiil.",netral
428,Banyakkk mentriii yang stressssss kurang kerjaaaaan amburadullll ini rezimmmmmmmmm,netral
429,Ini mslh perilaku amoral tdk berakhlak jd penyebabny atau akar mslhny peserta didik disklh tdk ada proses mendidik mk kemendikbud hrs merubung krn pend vital utk khdp bgs pend hny nmny sj,netral
430,Kenapa menteri2 sekarang ini...aneh2.semesti nya mentri pendidikan membuat peraturan larangan seksual dalam lungkungan kampus.dan sekolah.,negatif
431,TIDAK MENDUKUNG TAPI MEMBIARKAN....,netral
432,Waspada indoseia target berikutnya,netral
433,Kemendikbud bertujuan melindungi generasi penerus bangsa dari kekerasan seksual,positif
434,pak nadim bilang fitnah.  emang mungkin secara logika bapak fitnah tapi coba baca lagi frasa tanpa persetujuan dari korban.  itu bagi ahli hukum bisa di utak atik artinya yang mana bisa menimbulkan fitnah luar biasa.  apa bapak tidak bisa berbahasa Indonesia yang baik dan benar sehingga ada frasa seperti itu.  kalo kami memaklumi bapak karena basic bapak di gojek bukan di menteri.,negatif
435,"TERLEPAS DARI PRO KONTRA, SEMUA ELEMEN BANGSA INI SUDAH TERJANGKIT PENYAKIT AKUT, YAITU PENYAKIT LATAH MEMBUAT ATURAN, YG OBJEKNYA ADALAH RAKYAT, SEHINGGA RAKYAT SELALU MENJADI BULAN2AN BERBAGAI BENTUK ATURAN. CONTOH, SUDAH TERBUKTI VAKSIN TIDAK MENCEGAH DARI TERSERANG CORONA, TAPI DGN SEGALA BENTUK ATURAN YG MUNCUL, KITA DIPAKSA UTK VAKSIN. DISEKOLAH BANYAK ATURAN, DI TMPAT KERJA BANYAK ATURAN, DI MALL BANYAK ATURAN, DI RESTAURAN BANYAK ATURAN,  DI KOMPLEK PERUMAHAN, BANYAK ATURAN.",netral
436,Lihat saja nanti,netral
437,Semoga kata2nya diartikan dengan baik dan dimaksudkan yg membela korban. Jangan sampai diplintir jd gak jelas dan merugikan korban.,negatif
438,"Bila suka sama suka ? Boleh dong, ehem ehem ?",netral
439,Kalau..DENGAN PERSETUJUAN KORBAN..ya bukan korban namanya..hdehhhh..puyeng gue,netral
440,Pecat menteri pendidikan bikin rusak negara dan bangsa,negatif
441,"Subhanallah lindungilah negeriku dari orang bejat dan munafik
Salam sejahtera dari Semarang untuk kalian yg baca",positif
442,"MUI = MAARUF AMIN, MENAG NUSANTARA, ABU JANDA , DENY SIREGAR 😂",netral
443,"Itu malah terjadi kalo gak ada kalimat ""tanpa persetujuan korban"". Gimane mo diusut? Stlh ade kalimat itu SI KORBAN bise melaporkan dan SI PELAKU bise diusut dan disanksi. Mo ngeles gimane lg... 🙄❓",negatif
444,"Aduh wibu, hakim juga bakal nanyain korbannya lah, disertai bukti visum dan psikologis korban",negatif
445,Jabar kan,netral
446,WADUH ADA ORANG YG NGERTI CARA MENDIDIK NICH 🤭🤣🤣🤣🤣🤣🤣🤣🤣🤣🤣🤣🤣🤣🤣🤣🤣🤣🤣🤣🤣🤣🤣🤣🤣🤣🤣🤣🤣🤣,netral
447,"Lihat podcast dedy corbuzier aja bang pas sama mas nadiem sama mbak cinta laura,biar jelas semuanya",netral
448,"Lihat podcast dedy corbuzier aja bang pas sama mas nadiem sama mbak cinta laura,biar jelas semuanya",netral
449,betul. tuhhh masssss. guru sukwan angkat,netral
450,"Lihat podcast dedy corbuzier aja bang pas sama mas nadiem sama mbak cinta laura,biar jelas semuanya",netral
451,"Lihat podcast dedy corbuzier aja bang pas sama mas nadiem sama mbak cinta laura,biar jelas semuanya",netral
452,"Gini ya vaksin itu fungsinya mencegah suatu virus masuk ke tubuh tapi itu juga tergantung kekebalan tubuh tiap orang walau dia sudah vaksin namun mempunyai penyakit akut seperti asma dan penyakit berat lain atau setelah vaksin kita tidak menjaga kesehatan tubuh otomatis sistem kerja vaksin dalam tubuh juga berkurang,saya dulu emang nggak sering merhatiin pelajaran sekolah tapi saya nggak sebodoh itu sampai menganggap bahwa jika sudah vaksin maka kita akan kebal virus",netral
453," @Unkown  Sekedar Info, Kesepakatan Dunia, Orang Cerdas Haram Hukumnya Ngaku Cerdas dan Ngaku Ga Bodoh",netral
454,"terlebih dahulu harus ada uji formil dan materiil dari para ahli terkait terhadap rancangan peraturan, agar suatu peraturan hukum dapat memuat makna dan arti kata tunggal (maksud yang jelas dan gamblang). Uji kelayakan atas (rancangan) peraturan hukum dilakukan demi mencegah ada celah penafsiran ganda yang saling bertentangan dan mempertajam efektivitas tujuan / manfaat saat peraturan tersebut dilaksanakan.",positif
455,"Diplintir pelaku, kalau korban setuju atas apa yang dia lakukan pada korban.",netral
456,Itu urusanmu,netral
457,Ini..akibat..kurang pendidikan... gak ngerti....main pecat aja peraturannya jelas.....jangankan  berzina !! ...pegang tangan aja gak boleh coi... Apalagi berzina..,positif
458,"Lihat podcast dedy corbuzier aja bang pas sama mas nadiem sama mbak cinta laura,biar jelas semuanya",netral
459,Konteks kekerasan sexual..pengin ketawa..kalau dg persetujuan korban..ya bukan kekerasan...kesenangan namanya..bingung mau menangis atau ketawa..,positif
460,ayonima,netral
461,SELANJUTNYA AKAN BOIKOT GOJEK DI ACEH DI PANDANG,netral
462,Jdi inget Fatonah kader PKS di tangkap lgi ooiiooiiooiiooii😁😆😄,netral
463,Otak mesum jadi menteri....negara kita ini bukan negara Liberal.,negatif
464,Ditanamkan budi pekerti sejakdini solusi yg tepat,positif
465,Yang fro itu ahli zinah...,positif
466,"Assalamualaikum semua,apabila ada mahasiswa mencium bibir  mahasiswi pacarnya & menggosokkan kelamin nya ke bagian tubuh mahasiswi pacarnya secara  tertutup di kampus. Tapi mahasiswi pacarnya SETUJU & perbuatan mahasiswa tersebut ketauan sama lainnya , maka perbuatan mahasiswa tersebut gak dapat ditindak lanjuti menurut Permendikbudristek no 30 tahun 2021, karena  PERSETUJUAN mahasiswi pacarnya. Berbeda dengan mahasiswi  pacarnya TIDAK SETUJU, maka perbuatan mahasiswa tersebut dapat ditindaklanjuti menurut Permendikbudristek no 30 tahun 2021 , karena TANPA PERSETUJUAN  mahasiswi pacarnya. Kesimpulannya mencium menggosokkan kelamin, dll gak termasuk pelanggaran & gak ditindak lanjuti asalkan  SETUJU  menurut Permendikbudristek no 30 tahun 2021. Maaf sebelumnya, RUU KUHP perzinahan Belum disahkan menjadi UU KUHP perzinahan. Terimakasih, wassalamu'alaikum 🙏😊",negatif
467,"Seharusnya kalimatnya gk multi tafsir gtu takutnya saat penerapnya gk sesuai hrpn,knpa gk sangsinya aj yg di pernberat",netral
468,"Kalau mau pencegahan ya dilarang pacaran, khalwat, ikhtilat, pornografi. Mendukung penutupan aurat. Ga berani kan. Ya jelas wong hanya mendukung pihak sekuler feminis tanpa menyentuh akar masalah",netral
469,Siap siap kita menerima azab,netral
470,Hukm seberat beratnya,netral
471,"KOMPAS PALING BISA
ISTIGHFAR WANITA MULIA",positif
472,"Cobo bikin permen kebiri donk, berani nggak pak... Kalau pengecut kita sih maklum gpp!",netral
473,Eee emang aneh..😂😂😂,negatif
474,Kenapa peraturan jadi peraturan sangean ya .itu yg bikin praturan .mesti di cek otak nya.😆,netral
475,"Mesti di tambahkan , point' nya jenis hubungan sexs apa pun di luar pernikahan maka tidak di benarkan . Jadi jelas . Kita tau bahwa di kampus juga banyak perzinahan dengan azas pacaran . Dan juga tindak aborsi",negatif
476,"Tanpa persetujuan korban, betapa gilanya yg mbuat undang2 ini.",negatif
477,"Bagaimana ya? Frasa ""tanpa persetujuan korban"" itu terlalu multitafsir,bisa saja diartikan berbeda dari maksud yang sesungguhnya.Apa tidak bisa di kaji lagi?",negatif
478,Namanya juga PKS otak nya di dengkul,negatif
479,"Kok bisa bisanya ngaku beragama tapi melintir kata kata, kaum munafikun, kekerasan seksual itu harus ada perlindungan hukumnya, bukan cuma di hukum secara akhirat",positif
480,Lu mau buka lapangan pekerjaan di aceh kalau gojek tutup?,netral
481,"Yg namanye KEKERASAN ato PELECEHAN itu terjadi di luar persetujuan salah satu pihak. Kesimpulan yg seharusnye, kalo ke 2 pihak setuju, itu BUKAN KEKERASAN ato PELECEHAN. Itu saja. Di luar itu, lain topik... 🤔❓",positif
482,"Assalamualaikum @swingvoter ,   apabila ada mahasiswa mencium, memperlihatkan kelamin , dll kepada mahasiswi pacarnya secara tertutup di kampus. Tapi mahasiswi pacarnya GAK SETUJU & perbuatan mahasiswa tersebut ketauan sama lainnya, maka perbuatan mahasiswa tersebut termasuk pelanggaran, pelecehan seksual, & dapat ditindak lanjuti menurut Permendikbudristek no 30 tahun 2021, karena TANPA PERSETUJUAN mahasiswi pacarnya. Maaf berbeda dengan mahasiswa mencium, memperlihatkan kelamin, dll kepada mahasiswi pacarnya secara tertutup di kampus. Tapi mahasiswi pacarnya setuju & perbuatan mahasiswa tersebut ketauan sama lainnya, maka perbuatan mahasiswa tersebut sah, bukan pelanggaran, bukan pelecehan seksual (tapi zina), & gak dapat ditindak lanjuti menurut Permendikbudristek no 30 tahun 2021, karena PERSETUJUAN mahasiswi pacarnya. Maaf  mahasiswa mencium, memperlihatkan kelamin, dll kepada mahasiswi pacarnya TANPA PERSETUJUAN orang terkait maka jadinya PELECEHAN SEKSUAL. Tapi mahasiswa mencium, memperlihatkan kelamin, dll kepada mahasiswi pacarnya dengan PERSETUJUAN orang terkait maka jadinya ZINA. Terimakasih, wassalamu'alaikum 🙏",netral
483,"Assalamualaikum @swingvoter  , maaf apabila mencium, memperlihatkan kelamin dll atas persetujuan, apakah termasuk sah & bukan pelanggaran menurut Permendikbudristek no 30 tahun 2021 ? Terimakasih, wassalamu'alaikum 🙏",netral
484,Mendikseks,netral
485,Assalamualaikum setuju & betul 🙏,positif
486,Waalaikumussalam. Yes,netral
487,Yang banyak diperkosa malah yg menutup aurat gimana tuh bu? Lihat tuh sampai dibuat museum untuk menunjukkan pakaian yg dipakai waktu kekerasan seksual terjadi. Masa kaga pernah dengar fetish baju agamis?,netral
488,"Bu itu semua ada di peraturan kampus masing2, kalau dibuat undang2 ya sulit, sebagai contoh kalau dibuat UU untuk tutup aurat,, kampus non muslim gimana? UU pornografi juga sudah ada, jangan suka fitnah",netral
489,"Lihat podcast dedy corbuzier aja bang pas sama mas nadiem sama mbak cinta laura,biar jelas semuanya",netral
490," @Danielle S  yakin yg menutup aurat? Ada data riil? Data lo ya, bukan museum yg bikin2 narasi doang. 

Lagipula korban perkosaan yg anda sebut menutup aurat itu hidup di lingkungan yg bersih jg ga? Lingkungan yg internetnya & info2 yg beredar ga ada ttg pornografi pornoaksi. Lingkungan yg melarang khalwat, ikhtilat, seks bebas, dan menghukum mati pezina & pemerkosa yg sdh menikah, merajam 100x pezina& pemerkosa yg blm menikah?",negatif
491," @Mita Jannah  Museum bikin narasi?!!  Sejak kapan bu? Membuat fakta dengan logika sendiri lantas memfitnah. Mantap bu, lanjutkan terus perjuanganmu !!! Hahahahahahahaha.",netral
492," @Danielle S  yes, narasi krn tdk komprehensif. Dan jelas2 logikanya ga jalan. 

Kalau lingkungannya penuh dg pembicaraan ttg seks, tontonan seks, pacaran suka2, ya jelas mau pakaian bagaimanapun ga ngefek ke pencegahan kekerasan seksual. Fetish pakaian apalah itu ya wajar

Dapat data pakaian yg di indonesia. Yg rok mini persentase sedikit. Ya iya zaman skrg rok mini bukan tren. Bukan berarti rok mini bukan pemicu. Lucu banget ini

Silakan baca komen awal sy. Sy tdk cuma mengatakan pornografi, tp khalwat, ikhtilat, pacaran, dsj jg pencetus kekerasan seksual",netral
493," @Mita Jannah  Ya, nanti jangan sampai kalo memiliki anak, saudara, kakak atau adik perempuan diperkosa kalau begitu. Dikunci di dalam rumah saja. Itu logika ibu bukan?",netral
494,Lu aja sendiri,netral
495,"Lihat podcast dedy corbuzier aja bang pas sama mas nadiem sama mbak cinta laura,biar jelas semuanya",netral
496,"Lihat podcast dedy corbuzier aja bang pas sama mas nadiem sama mbak cinta laura,biar jelas semuanya",netral
497,"Assalamualaikum semua,apabila ada mahasiswa mencium bibir  mahasiswi pacarnya & menggosokkan kelamin nya ke bagian tubuh mahasiswi pacarnya secara  tertutup di kampus. Tapi mahasiswi pacarnya SETUJU & perbuatan mahasiswa tersebut ketauan sama lainnya , maka perbuatan mahasiswa tersebut gak dapat ditindak lanjuti menurut Permendikbudristek no 30 tahun 2021, karena  PERSETUJUAN mahasiswi pacarnya. Berbeda dengan mahasiswi  pacarnya TIDAK SETUJU, maka perbuatan mahasiswa tersebut dapat ditindaklanjuti menurut Permendikbudristek no 30 tahun 2021 , karena TANPA PERSETUJUAN  mahasiswi pacarnya. Kesimpulannya mencium menggosokkan kelamin, dll gak termasuk pelanggaran & gak ditindak lanjuti asalkan  SETUJU  menurut Permendikbudristek no 30 tahun 2021. Maaf sebelumnya, RUU KUHP perzinahan Belum disahkan menjadi UU KUHP perzinahan. Terimakasih, wassalamu'alaikum 🙏😊",negatif
498,Nanti dikawin paksa dong. Balik ke zaman siti nurbaya.,netral
499,"Apa pun? Pemerkosaan itu jg hubungan seks lho bang. Tp itu tanpa persetujuan salah satu pihak. Itu kekerasan. Kalo mo pukul rata hubungan seks apa pun, si korban pemerkosaan bise kena sanksi jg. Itu sangat tidak adil... 🤔❓",netral
500," @swingvoter  tapi point' pemerkosaan sudah jelas tercantum di point pembahasaan nya . Ini yang saya maksud adalah jenis perzinahan , adapun kalau pemerkosaan kita sepakat sebaiknya pelakunya di hukum mati . Korban di rehabilitasi",positif
501,lu yg gila kali,netral
502, @Geralt F. Hartono  wkwkwk korban kok setuju....gila namanya..,netral
503,"Banyak pelaku yang mengatakan di pengadilan, mereka suka sama suka, alias dapat persetujuan dari korban.",netral
504,"Lihat podcast dedy corbuzier aja bang pas sama mas nadiem sama mbak cinta laura,biar jelas semuanya",netral
505,Seperti ngg ada kosakata lain...hhmmm..pusing,netral
506,"Tanpa persetujuan korban itu maknanya perkosa,

kalau sama-sama menyetujui itu namanya nikah.",positif
507,"""Tanpa persetujuan korban"" berarti ada unsur kekerasan. Si pelaku bisa kena sanksi. Kalo ada persetujuan? Ye artinye itu bukan kekerasan. Itu lain topik... 🤔❓",positif
508," @Kusuma Wardhani Mas'udah  tapi disitu tidak dijelaskan statusMU nikah atau diluar nikah, yang penting kalau sama² suka boleh zina 😂",netral
509,Kekerasan itu ada karena ada kebebasan seksual. Mikirnya cuma masalah cabang. Ga mikir akar masalah,netral
510,Ga butuh ocehan lu gua tau mana baik dan benar,netral
511,Yg jelas ngk setuju pasti partai poligami itu bos👍👍👍,negatif
512,"Solusinya bukan dgn ppks. Karena akar masalahnya itu cara pikir liberal. Seks suka sama suka ga disanksi, yg disanksi cuma yg kekerasan. Maunya bebas ""bermanfaat"". Ga ada permedikbud ini sj seks bebas sdh merajalela. Ini dipertegas ga ada hukuman bagi seks bebas",netral
513," @mbah jo asmoro  orang poligami di cibir, giliran Ada pelakor mingkem lu. Sakit lu",netral
514,"Kaum munafikun, pelaku pelcehan seksual yang tidak menyetujui ppks ini....",negatif
515,Sangat bermasalah kelompok agamis mendukung kekeraaan seksual dengan menolak pengesahan UU ini.,positif
516,Rakyat itu adalah hasil didikan dari politik dan lingkungan. Cuma jiwa pengecut yang melakukan kekerasan seksual,positif
517,Sangat bermasalah kelompok sekuler melegalkan seks bebas pdhl penyakit kelamin & aborsi merajalela,positif
518,coba aja kaum sekuler sedikit legowo ama rkuhp 417 gak banyak protes dan akhirnya cepat di sahkan mungkin ini permendikbud gak bakal di ributin ama kaum agamis khususnya islamis,positif
519, @Mita Jannah  Yang melegalkan seks bebas siapa? Yang mau aborsi siapa? Yang terkena penyakit kelamin siapa? Pentingnya pendidikan seks agar tidak mudah dibodohi dengan stigma pemerkosaan dan kekerasan seksual terjadi karena seks bebas. Anak 5 tahun yang kemarin mengalami kekerasan seksual apakah sudah mengerti seks bebas?,netral
520," @akhsan andi  coba saja kaum agamis berpikir sedikit kalau rkuhp 417 disahkan, lelaki diperkosa oleh nenek2 pun harus dipenjara. Jangan berpikir lelaki juga bisa bebas dari hukuman pasal ini. Malah akan menambah angka penculikan, kawin paksa, pemerkosaan, kekerasan seksual dan melarang wanita untuk berkarir seperti di Afghanistan dan negara2 Asia Tengah. Maaf kalau sekuler tidak bodoh.",netral
521, @Danielle S  kalo gitu maaf juga kalo kaum agamis nge cancel permendikbud ini,negatif
522, @Danielle S  karna omong kosong kalo kalian tidak pro zina,negatif
523," @akhsan andi  Wow udah salah, memfitnah. Wow.",netral
524, @akhsan andi  Silakan saja. Semoga yang terkena bukan anakmu juga.,negatif
525," @Danielle S  wow doanya bagus juga,makasih,oh iya saya minta maaf kalo anda memang tidak pro zina seperti kaum sekulib pada umumnya,sekali lagi saya minta maaf,semoga anak anda gak terkena  pelecehan seksual dan false accusation",positif
526,"oh iya saya cukup terkesima sebagai laki laki,tpi sayang saya bukan laki laki seperti itu,saya red pill sis . I don't invest in women",positif
527, @akhsan andi  Maksudnya bagaimana? Pake inggris tapi ga nyambung. Masalah kekerasan seksual terjadi bagi pria dan wanita.,netral
528," @Danielle S  saya balas balasan anda yg tadi,udah di hapus ya?maaf kalo gitu wkwkwk",netral
529, @akhsan andi  Ga dihapus. Balasannya apa? Ga ada di notif.,netral
530," @Danielle S  ada tadi agak panjang kesannya kek orang yg curhat ada kata kata laki laki hidung belang agak lupa karna sekarang udah ilang  di notif saya,tpi lupakan aja lah,saya udah males cuap cuap di sini gak bakal nyelesaiin apa pun juga",netral
531, @Danielle S  masih ada gimana?anda ini mau mempermainkan saya ya?red pill gerakan supremasi kulit putih?wkwkwk maaf ya saya mau ketawa,netral
532, @akhsan andi  Google aja bang. Lmao.,netral
533," @Danielle S  dan keknya komen anda tanpak menggeneralisir laki laki ,seolah olah tak pernah ada kasus pelecehan yg pernah di alami laki laki dan pelakunya adalah perempuan di indonesia",netral
534, @Danielle S  red pill gerakan yg percaya alien?wkwkwk udah mbak jangan ngelawak dah,netral
535, @akhsan andi  Antara Anda yg terlalu ikut2an bule tapi kaga tau artinya apa atau emang internet yg salah. 🤣🤣🤣🤣🤣🤣🤣🤣🤣🤣🤣🤣🤣🤣🤣🤣🤣🤣🤣🤣🤣🤣🤣🤣🤣🤣🤣🤣🤣🤣🤣🤣🤣,netral
536," @akhsan andi  Udah dikomen bang, makanya dibaca. Kebanyakan pelaku kasusnya di Indonesia lelaki.",netral
537, @akhsan andi  Liat tuh linknya. 🤣🤣🤣🤣🤣🤣🤣🤣🤣🤣🤣🤣🤣🤣🤣🤣🤣🤣🤣🤣🤣🤣🤣🤣🤣🤣🤣🤣🤣🤣🤣🤣,netral
538, @Danielle S  google cari apa di google?,netral
539, @Danielle S  yaelah coba deh googling soal red pill movement,netral
540, @akhsan andi  Udah saya kasih link dibaca aja bang 🤣🤣🤣🤣🤣🤣,netral
541," @Danielle S  jadi di ralat ya,komen anda dari pelaku pelecehan seksual adalah laki laki jadi kebanyakan laki laki?wkwkwkwk",netral
542, @Danielle S  linknya mana sih?sorry saya bukan orang yg punya indra ke 6 yg bisa liat replyan gaib,netral
543,Gagal paham mas?,netral
544,"ah serah kalian lah,cuap cuap panjang disini juga gak bakal nyelesaiin apa apa,nyimak aja lah sampe drama ini selesai,siapa yg bakal menang kaum agamis islamis atau kaum sekulib",netral
545," @akhsan andi  Lmao. Dari argumen saja sudah terlihat motif nya ternyata apa. Maaf bang, sudah ada Afghanistan kalau mau hidup seperti Taliban. Dasar negara sudah jelas negara ini moderat.",netral
546, @Sayyidah Nisa  Mangga dicek lagi.,netral
547," @Danielle S  iya iya mbak,terserah,yg penting mbak juga tahu ini indonesia bukan California,di mana di sana sekulib bisa bikin aturan seperti yg merekq mau",netral
