,Komentar,Label
1,"Lha kekerasan seksual itu kan mmg definisinya memang harus ""tanpa persetujuan korban"". Pada kemana sih logika yg nolak2? Gimana melawan kekerasan seksual kalau tidak boleh didefinisikan apa yg dimaksud dgn kekerasan seksual.",positif
2,Jangan mendekati zina. Itu adalah aturan yang pasti dan tidak perlu pasal uu dll. Suatu saat Demokrasi ini tdak layak lagi untuk di gunakan. Karena isi nya hanya kepentingan para petinggi saja. Sangat sedikit untuk kemaslahatan masyarakatnya. Dan saya rasa ini bisa di jadikan tameng oleh para oknum. Bahwa melakukan kekerasan seksual jangan menggunakan media. Skrang saja banyak yang ngomong ngawur.,negatif
3,The law is an art. Semakin rinci semakin mudah dibelokkan..,positif
4,TETAPKAN DULU APA YANG DIMAKSUD DENGAN KEKERASAN SEKSUALITAS.,netral
5,Lbih cock diterapkan dikemendikbud Dan DPR.,netral
6,SEKALIAN AJA PAKAIAN ANAK SEKOLAH DAN MAHASISWA.ROK NYA HARUS DI ATAS LUTUT.ATAU GANTI AJA MENTERI NYA.MUNGKIN YG INGIN MEMBUBARKAN  M U I. DIA IKUT JUGA,negatif
7,Inilah makanya para korban ragu utk melapor. Usulan uu perlindungan hukum utk para korban pun jd polemik. Pdhal tinggal direvisi. Maaf uu yg katanya waktu itu akan diusulkn oleh suatu partai itu gmn kbrnya?,positif
8,Presenter suka motong percakapan narasumber..jd kurang ngeh gitu,netral
9,"Kami sebagai ormas Islam mendukung  PERMEDIKBUDRISTEK no 30, tentang Kekerasan Seksual, Tapi kami Menolak pasal 5 ayat 2 & 3, yg ada kata TANPA PERSETUJUAN KORBAN,
Dan seharusnya Permendikbud Nadiem menghilangkan yg 3 kata... TANPA PERSETUJUAN KORBAN",positif
10,"Negara kacau, pejabatnya nyeleneh coba urus yg subtantif",negatif
11,Menteri Nadiem segera dipecat,negatif
12,"ranah mendikbud ya kekerasan seksual
kalau yg lain ya ranah kementerian perempuan dan anak",positif
13,permendikbud sudah benar jangan di revisi lanjut laksanakan,positif
14,"berbicara ideologi boleh saja sbg muslim,, tp fakta ttp hrus diterima,, kalau bicara ini seolah memojokkan islam,, islam yg mana apakah hanya islam yg punya kotak amal dan menganjurkan bersedekah??? 
     kbetulan saja mreka yg sesat adl saudara qt sesama muslim jika mjd isue besar krn ksalahan mreka ya bkn ksalahan pnegak hukum, itu adl masalah brsama yg hrus dhadapi brsama bgmn caranya qt mnertibkan muslim dg pemahamanya agar tdk sesat,, mulailah dr menyedikitkan mmbahas surga sbg imbalan dan neraka sbg hukuman krn yg lbh harus dibahas adl cara mngenali tuhan dan konsekuensinya serta mnganut agama brarti mngabdi pd tuhan bkn mmpertahankan imej atau mngejar surga,,",positif
15,"Duh, ini peraturan kekerasan sexual. Bukan peraturan penzinahan. Inikan 2 hal yg berbeda. Makanya ada kata2 ""Tanpa persetujuan korban"" kl ada persetujuan, yah bukan kekerasan sexual.",positif
16,"Kalimatx saja sdh bisa difahami,TANPA PERSETUJUAN KORBAN.ini yg bikin undang2, blm bisa bahasa indonesia yg baik dan benar kayakx..namax aja KORBAN ya jls pastilah dia tidak setuju,kalau ada unsur persetujuan itu namax OKNUM,bukan korban lagi namax.jdi kalimat nya seharusx direvisi,baik itu ditambahkan atau dihilangkan sama sekali kalimat itu.kalau mau tidak jdi perdebatan tambah lagi dengan kalimat baik dapat persetujuan ataupun tidak atas persetujuan korban itu baru benar",negatif
17,Degradasi moral,netral
18,"Itu sama dg zinah HARAM, kcuali ada setuju lawan",positif
19,Makin aneh saja Negeriku sekarang ini,netral
20,"Coba deh buat yg setuju sama permen pasal 5 ini , kalo si korban di ancam untuk bilang kalo tindakan kekerasan seksual tsbt atas dasar suka sama suka trus pelaku nggak kenai permen di kampus kenanya pasal tindak asusila , trus yg kena sypa ? Korban atau pelaku ?",positif
21,"Kan harus DIDEFINISIKAN apa artinya perbuatan yg termasuk dlm Kekerasan Seksual.. dan definisinya ya memang TANPA PERSETUJUAN KORBAN. Logika aja, wajar kalimat itu harus dicantumkan.",positif
22,"CONTOH:
Pada suatu hari di kelas kosong 

Mahasiswa A: Aku boleh buka baju kamu gk? 😃
Mahasiswi B: Boleh mas, tapi cepetan ya (Menyetujui)

Akhirnya terjadilah pertempuran...",netral
23," @Dmitrii D ,yang senang mesum pasti marah dengan permendikbud karena mencolek dan meraba raba saja sudah ada sangsinya apalagi apalagi minta buka baju itu melanggar moral dan KUHP",positif
24," @Muhammad thohir  Oke sampai disini, berarti Permendikbud tersebut bentrok dengan UU tentang pornografi lainnya",netral
25,"Asal suka sama suka tidak masalah bukan ¯\_( ͡° ͜ʖ ͡°)_/¯, ""saya kan berseks bebas hanya mematuhi permendikbud membolehkannya""",positif
26," @Dmitrii D ,pasal mana yang bentrok coba sebutkan kalau kamu memeng ngerti.jangan2 kamu hanya mengikuti ulama kadron",positif
27," @Dmitrii D ,itu isi otak mesumnya ulama2 kadron yang tidak ada di dalam permendikbud",negatif
28," @Muhammad thohir  Ini contoh KUHPnya
""Setiap orang yang melakukan persetubuhan dengan orang yang bukan suami atau istrinya dipidana karena perzinaan dengan pidana penjara paling lama 1 (satu) tahun atau denda Kategori II.""

Permendikbud 30
l. menyentuh, mengusap, meraba, memegang, memeluk, mencium dan/atau menggosokkan bagian tubuhnya pada tubuh Korban tanpa persetujuan Korban;


m. membuka pakaian Korban tanpa persetujuan Korban;.

Di KUHP sudah dinyatakan secara gamblang/jelas, dan tidak ada keambiguan atau multitafsir bahwa SEKS BEBAS dilarang. 
Sedangkan di Permendikbud 30 didapati boleh melakukan kegiatan seksual ATAS PERSETUJUAN KORBAN seperti mencium dan menggesekkan kemaluan. Jadi sah sah saja bukan 😃 kalau saya mengimplementasikan Permendikbud 30 walaupun bentrok dengan KUHP. Jadi yg disalahkan KUHP nya atau Permendikbudnya yg ambigu dan perlu direvisi itu?",netral
29," @Dmitrii D  Anak Hukum Tertawa Melihat argumenmu.

Biar saya kutip salahsatu pasal kontroversial:
Pasal 5 ayat (2): Kekerasan Seksual sebagaimana dimaksud pada ayat (1) 
meliputi:
L. menyentuh, mengusap, meraba, memegang,
memeluk, mencium dan/atau menggosokkan bagian tubuhnya pada tubuh Korban tanpa persetujuan Korban

Sebenarnya Kesimpulan disini sudah sangat gamblang.
Permendikbud no 30 Tahun 2021 hanya Mengelompokan tindakan menjadi 2 jenis:
Yaitu tindakan Tanpa persetujuan korban, dan tindakan dengan persetujuan korban.

Apabila Tindakan dilakukan tanpa persetujuan korban, Maka itu adalah KEKERASAN SEKSUAL.
Dan Apabila Tindakan dilakukan dengan Persetujuan korban, Maka itu adakah BUKAN KEKERASAN SEKSUAL.

Permendikbud no 30 tahun 2021 Samasekali tidak mengatur Tindakan yang dilakukan dengan persetujuan korban.
Tidak melegalkan, dan tidak meng-ilegalkan. Alias ya Tidak diatur samasekali.
Anak Hukum Tertawa Melihat argumenmu.

Biar saya kutip salahsatu pasal kontroversial:
Pasal 5 ayat (2): Kekerasan Seksual sebagaimana dimaksud pada ayat (1) 
meliputi:
L. menyentuh, mengusap, meraba, memegang,
memeluk, mencium dan/atau menggosokkan bagian tubuhnya pada tubuh Korban tanpa persetujuan Korban

Sebenarnya Kesimpulan disini sudah sangat gamblang.
Permendikbud no 30 Tahun 2021 hanya Mengelompokan tindakan menjadi 2 jenis:
Yaitu tindakan Tanpa persetujuan korban, dan tindakan dengan persetujuan korban.

Apabila Tindakan dilakukan tanpa persetujuan korban, Maka itu adalah KEKERASAN SEKSUAL.
Dan Apabila Tindakan dilakukan tanpa Persetujuan korban, Maka itu adakah BUKAN KEKERASAN SEKSUAL.

Permendikbud no 30 tahun 2021 Samasekali tidak mengatur konsekuensi Tindakan yang dilakukan dengan persetujuan korban.
Tidak melegalkan, Tidak pula mengilegalkan, Alias TIDAK DIATUR SAMASEKALI.
""Argumentum a Contrario""

Jadi Kalo lu berpikir bahwa Tindakan yang dilakukan dengan persetujuan korban, Diperbolehkan Dalam Peemendikbud no 30, Maka itu adalah kesimpulan yang elu buat sendiri, Ga ada dasar nya.",positif
30," @Dewangga Putra  Oke terus buat apa ada frasa ""tanpa persetujuan korban"" 😂 ? Sebetulnya tanpa frasa tersebut kami pun paham pada peraturannya, ini kan menimbulkan polemik baru karena multitafsir dan kontradiksi dengan KUHP asusila lainnnya, jadi bentrok.

Yang namanya ""KORBAN"" pasti tidak akan setuju untuk dilecehkan, secara literatur bahasa Indonesia bukan KORBAN berarti namanya. Jadi frasa ""tanpa persetujuan korban"" tidak diperlukan, atau sebagai dampaknya oknum² akan memanfaatkan frasa tersebut sebagai alasan.

Korban [KBBI]
""orang, binatang, dan sebagainya yang menjadi menderita (mati dan sebagainya) akibat suatu kejadian, perbuatan jahat, dan sebagainya.""",negatif
31,Apa adakah korban yang setuju?,netral
32,UU dah ada dan jelas mestinya menrisex tidak perlu bikin aturan yg menimbulkan kegaduhan mknya makul moral dan agama tetap dikasih termasuk kegiatan agama/ kerohanian bukan malah dihapuuuus !,netral
33, @Kuad Iin  ....  ok,positif
34, @Kuad Iin  plis deh dari dulu juga ada kegiatan agama di sekolah dan kampus2 tapi ttp pelecehan seksual ada.,negatif
35," @Gabriella Indah Charista  YEEESS, very very very true",positif
36,"Saya tetap setuju bang, Karena kamu belum baca Peraturannya tetapi langsung bacod.

Padahal di Permendikbud udah dijelasin bahwa:

Persetujuan Korban sebagaimana dimaksud pada ayat (2)
huruf b, huruf f, huruf g, huruf h, huruf l, dan huruf m, dianggap tidak sah dalam hal Korban:
b. mengalami situasi dimana pelaku mengancam, memaksa, dan/atau menyalahgunakan kedudukannya;",positif
37,Persetujuan tidak berlaku apabila pelaku mengancam,negatif
38,"Baca lagi ya, dan pahami konsep consent itu seperti apa, ga sekadar setuju ga setuju di mulut. Baca lagi sebelum bacot",positif
39,"Ibu dewan, ada permenpun jk moralnya bejat tetap aja terjadi buuuk ! Tp jk dari kita semua dimulai dari keluarga menanamkan moral/ agama kurasa bisa sebagai pengendali  karena aku yakin agama apapun pasti melarang perzinaan ! Jk sampai perkosaan berarti tu sepihak mk pelakunya hrs lapor kan ada polisi ! Ibuk dewan ! Jk dg alasan suka sama suka gimana ? Apa boleh ?",positif
40,"YG ADA HANYA VISI MISI PRESIDEN ,MENTERI ITU HANYA MENJABARKAN DLM KEBIJAKKAN SHG BEGINILAH YG DIMAKSUD DG REVOLUSI MENTALNYA JOKOWI ITU.",netral
41,"yang jadi masalah itu 3 kata ""Tanpa Persetujuan Korban"" itu harus diganti....atau dihapus....",negatif
42,"Kesempatan,,,,,, goreng saja sampai gosong....biar pak jokowi jatuh.",netral
43,"begitulah kalau segalasesuatu diserah kepada yg bukan ahlinya, tunggulah kehancuranya",negatif
44,Kok  host ikut berpekulasi sebelum pergantian pembicara yg lain.,netral
45,"Menyentuh saja sdh haram ,ikutlah hukum Islam , Allah SWT sdh atur semuanya , aturan hdp",positif
46,logika rakyat indonesia: dilarang bawa senjata tajam > boleh bawa senjata api.,netral
47,Enak banget nih jika suka sama suka  ga masalah maen di kampus,negatif
48,PKS hanya engkau harapan rakyat Indonesia,netral
49,Kalau suka sama suka itu wilayah private perkara moral individu masing masing dan itu pendidikan mora masing masing,positif
50,"kenapa tdk menerapkan aturan tentang zinah dan perkosaan yg sudah aja, entar kalau aturan itu di terapkan , seolah olah kalau seizin perempuannya jadi boleh, ingat katanya negara pancasila, sila pertama ketuhanan yg yg maha esa lo! artinya mau perempuannya setuju mau ga setuju, selama mereka belum sah, sebagai pasangan ya mestinya tetap dilarang, tapi mau gimana lagi, menteri agamanya aja ngedukung! apa masih yakin negara kita negara pancasila??? Sila yg mna yg sudah diterapkan dg baik???????",netral
51,"Sebenarnya peraturan yg sdh ada cukup asal pelaksana aturan taat aturan, apalagi taat pada syariat",netral
52,"Haruskah tunggu ada korban, kita simak penyelesaiannya di pengadilan, siapa yang benar?",positif
53,Polemik macam ini menimbulkan kegaduhan dan keonaran,negatif
54,pks ini cman bikin gaduh buat mengalihkan isu goodbener jekartah yang anggota par tainya lagi bermasalah dengan formula e yang lg diusut kpk.........,negatif
55,Bagaimana bila sanak keluarga PKS ini menjadi korban Kekerasan Seksual? Saya rasa mereka akan mendukung Pelaku dan tidak menuntut pelaku.,positif
56,"hahaha pks takut kalau anggotanya digaruk permen ini, dgn dalih macam2. 🤣😂😅😇",netral
57,Lanjutkan Pak Menteri dgn Permendikbudristek itu. Klo ada yang robah ya tunggu aja,positif
58,Trgantung anaknya n ortunya yg paling penring ortu mndidik anak ahklak yg utama. Tr bukti kjadian.ortu ketat anak yg trjerumus banyak.yg orrunya biasa 2 saja anak 2 y selamat tr hindar dari pr gaulan bbas.aku y punya anak cewe dua alhamdulilah tamat  kuliah k bidanan k duanya. Trlepas prgaulan bebas.intinya nasip n rezeki anak n perbuatan ortu.kalau saya mnyikapi jangan sekali 2 di kasih makan dengan jlan yg tidak halal apa lagi koropsi. So oasti dampak k anak. Jangan salahkan anak. Renungi sudah bagus kah kita ortu ahklak n cari jlanya rezeki..,netral
59,Beettuull👍,positif
60,Miris banget gasi :(,negatif
61,"Menurut hukum, Logika tsb bener loh.

Apabila Undang undang hanya mengatur tentang senjata Tajam, dan tidak mengatur tentang Senjata api, Maka kesimpulannya senjata api diperbolehkan.
(Argumentum a contrario)",positif
62," @Dewangga Putra  tidak mengatur bukan berarti mengadvokasi/melegalkan, bisa jadi ada hukuman yang lebih luas/umum mengatur, intinya terkait legalitas perzinahan konsensual di kampus, sebelum/sesudah terbit permendikbud masih sama, tidak dilegalisasi/illegalisasi",positif
63," @Muhammad Hashirama  Lah, Kata siapa tidak mengatur bukan berarti melegalkan??
Itu kan kata ku sendiri.

Coba sekarang Buka google, Baca Apa itu Asas legalitas dalam hukum.

Selama belum ada peraturan yang melarangnya, Berarti suatu perbuatan dianggap LEGAL.",netral
64,"Suka sama suka atas perbuatan jinah SDH ada perundangan dan aturannya,klu suka sama suka itu bukan kekerasan",negatif
65,"KUHP
""Setiap orang yang melakukan persetubuhan dengan orang yang bukan suami atau istrinya dipidana karena perzinaan dengan pidana penjara paling lama 1 (satu) tahun atau denda Kategori II.""",netral
66,"Makanya di buat permendikbud, karna banyaknya pelaporan juga kasus, yg semakin darurat, di bikinlah perendikbud, yg menjadi badan hukum tentang kekerasan seksual, yg slama belum ada, karna realita kejadian,justru korban slalu di rugika dalam setiap kasus, ketika di melapor, karna tidak adanya uu perlindungan terhadap pelecehan!!",positif
67,"Klo istrimu & anakmu setuju sy gauli, itu kekerasan sexual tidak?",netral
68," @Ridwan Basuki  
-perselingkuhan dikenakan pasal 284 KUHP
-pemerkosaan dikenakan pasal 285 KUHP
-prostitusi dikenakan pasal 296 KUHP
Namun kegiatan seperti yang diatur dalam permendikbud dikti 30 tahun 2021 pasal 5, ini memang adalah kejahatan yang belum ada ketentuan hukum-nya.

Selama ini Kita memang tidak bisa menuntut apa yang dimuat dalam pasal ke-5. 
-Kekerasan seksual Verbal
-Kekerasan seksual Non Penetrasi
-Pengintip
-Body shaming
-Tindak Grepe-grepe
Dan untuk itu-lah Permen ini hadir. 
Bahkan dalam kasus penyebaran photo/video pribadi tanpa izin-pun itu kerap menjadikan korban sebagai terpidana. 

Bila anda mendengar pola pikir Politikus PKS, anda termasuk golongan mesum.",netral
69," @Ridwan Basuki  dalam pasal 295 KUHP baik korban maupun Pelaku Kekerasan Seksual akan dipidana paling lama 9 tahun. Begitu-pun bila kegiatan seksual itu didasari rasa suka sama suka. 

Namun dengan Permendikbud ini Korban tidak perlu terkena sanksi hukum, cukup pelaku.",netral
70," @breakpoint tv  Aku tdk butuh narasimu yg panjang lebar itu.
Yg aku butuhkan hanya hapuskan 3 kata itu. Tanpa persetujuan korban. Titik.
Permendikbud 30 itu sdh OK. 
Kecuali 3 kata itu.
Apa susahnya menghapus 3 kata itu? ☹️☹️☹️☹️",negatif
71, @Ridwan Basuki  artinya kamu setuju bila seks bebas dilarang tapi pemerkosaan diperbolehkan? Gitu kan mau-nya kamu?,netral
72," @Ridwan Basuki  kalau 3 kata itu dihapus, perbedaan dengan pasal 295 KUHP itu apa? Ngapain buat aturan lagi kalau toh sama dengan yang sudah ada?",negatif
73, @breakpoint tv  menrisex agar anggaran bs dikeluarkan dg alasan hasil penelitian !,positif
74, @M025_ INDRA  kenapa menrisex yg bikin payung hukum? Apa dah gak percaya dg hukum yg ada bahwa pemerkosa dg hukuman sampai ada yg dikebiri tu?  Dan mengapa makul tentang moral dan agama dikampus2 malah dihilangkan jk tujuan tuk menghindari pemerkosaan?,positif
75,Bapak yg dri pks  pelacur itu suka sama suka masa mau di hukum.. bapak harus bedakan lah antara orang yg tidak suka.. klo pelacuran y itu jelas hukuman nya neraka.. sedangkan klo yg di paksa ada salah satu korban yg di rugikan.. sedang klo yg suka sama suka itu saling di untungkan..,netral
76,Klo undang undang poligami mungkin PKS yg setuju duluan.. 😀,positif
77,TUJUAANNYA UNTUK MENCEGAH KEKERASAN SEKSUAL...KOK MALAH DIGORENG  MELEGALKAN PERZINAAN....OTAKNYA ORANG-ORANG PKS YANG PERLU DIBERSIHKAN....TAMBAH USIA KOK TAMBAH TUMPUL YA OTAKNYA POLITISI PKS...KALAU ADA DOSEN YANG JADI PENJAHAT KELAMIN SEBAIKNYA LANGSUNG DIKEBIRI ATAU DIRAJAM SAJA. DUNIA PENDIDIKAN TINGGI SANGAT DIRENDAHKAN....MANA SUARAMU BAPAK-BAPAK REKTOR...JANGAN BERLAGAK DUNGU....ATAU KALIAN MEMANG SUDAH DUNGU KARENA TERLALU SERING MENEMPEL-NEMPELKAN ANUMU....LAGI PULA NGAPAIN PAK NADIM NGURUSIN YANG BEGITUAN....PIKIRKAN SAJA KEBIJAKAN UNTUK MENINGKATKAN MUTU PERGURUAN TINGGI KITA.....KALAU URUSAN BEGINIAN INI KASIHKAN SAJA PADA PKS...PEMEGANG PINTU SURGA,positif
78,"Tujuan Permendikbud ini sebenarnya bagus, namun ada poin penting khususnya pada  Pasal 5 ayat 2 yg menjadi kontro versi dan menimbulkan multi tapsir. Jika memang masih bisa direfisi sebaiknya direfisi saja",netral
79,Merinding aku dgr sek d perbolehkan aku punya ank gadis semoga d jauhkan dari perbuatan gg keji dn seboga hati nya gg putih d jga sama allah misalnya ank d perkosa sama pacar sampe hamil apa tdk merasa malu tentu saja malu kalo mau bertagung jawap kalo sdh d  cicipi tau rasa mau lagi eak nya jadi pacar bendigan aku putusin,netral
80,"Suka sama suka itu sendiri msh bisa dipertanyakan, krn ada yg terpaksa utk dianggap suka, itu yg sngt dikhawatirkan",negatif
81,"Mungkin ini maksud dari rancangan pasal tentang ""memperkosa istri"" yang ramai dulu, buka zina tapi secara logika ttp aja salah",netral
82,intinya klu mui melarang mk permen itu hrus d hpus,negatif
83,"Pernyataan ""jika hubungan seksual secara non-konsensual maka tidak boleh"" tidak bisa di ubah menjadi ""jika hubungan seksual secara konsensual maka boleh"" karena ini pernyataan yang invalid. Gue akan membuktikanya dengan tabel kebenaran

Katakan ""hubungan seksual secara konsensual"" sebagai p dan ""boleh"" sebagai q. Maka jadinya seperti ini

~p -> ~q
p
---------------
.•. q

Atau kalo kita baca

Jika hubungan seksual secara non-konsensual maka tidak boleh

Hubungan seksual secara konsensual
---------------------------------

.•. Boleh

Mari kita gunakan tabel kebenaran:

p | q | ~p | ~q | ~p -> ~q

T    T    F     F         T
T    F    F     T         T
F    T    T     F         F
F    F    T     T         T

Catatan:

T: proposisi benar
F: proposisi salah

Berdasarkan tabel kebenaran di atas dapat kita lihat bahwa baris tabel kebenaran di mana ~p -> ~q dan p nya benar ada pada baris pertama dan kedua. Sayang sekali di baris kedua q nya salah. Ini artinya pernyataan nya benar meski demikian konklusi yang diambil salah. 

Jadi, dapat disimpulkan bahwa pernyataan:

Jika hubungan seksual secara non-konsensual maka tidak boleh

Hubungan seksual secara konsensual
---------------------------------

.•. Boleh

Adalah pernyataan yang invalid.",netral
84,Partai Kekerasan Seksual,netral
85,kalo PKS menolak berarti aturan yg dibuat sudah benar...lanjutkan,positif
86,"Doa kami rakyat Indonesia, semoga semua yang terlibat dalam aturan setan ini, akan mengalami nya sendiri
Anak atau istri nya selingkuh atau dihamili oleh orang lain atas dasar aturan yang mereka pemerintah legalkan

Ya Allah, segera kan pemerintahan Jokowi ini berakhir dengan kehinaan, aamiin",netral
87,Selalu main tafsir,netral
88,"Kesan di publik ::
1. Bisa menimbulkan polemik
2. Bisa menimbulkan prasangka tuk pengalihan isu yg sdg ramai",netral
89,Wah hancur moralnya kalo ZINA DILEGALKAN,negatif
90,Abaikan pks!,netral
91,"Assalamualaikum semua, maaf Permendikbudristek no 30 tahun 2021 sudah dibuat & ditandatangani Mendikbudristek yg terdapat frasa ""tanpa persetujuan korban"" dalam pasal 5. Maaf sebelumnya ,  seandainya  mahasiswa yg mencium  mahasiswi secara tertutup di kampus . Tapi mahasiswi tersebut setuju & perbuatan mereka ketauan sama lainnya, apa perbuatan mereka termasuk pelanggaran & ditindak lanjuti menurut Permendikbudristek no 30 tahun 2021 ? 🙏😁😂",netral
92,"Muaantaabb.. skrng ""maen"" di kampus aman bro n sis, slama lw pade sama2 Nga'ngas, langsung Gaass.. 
Bwahahaha",negatif
93,Ingat Mas Mentri...buat aturan itu harus hati-hati. Karena kita khawatir jk suatu aturan bertentangan dgn aturan ALLAH mk pasti menuai adzab didunia maupun akhirat.,netral
94,"Kalau dua pihak setuju giatan e-esek maka tu bukanlah kekerasan/pemaksaan seksual. Kalau itu ja sih ya betul.
 Tapi hanya brenti di situ ja tu ga tolak pzinaan yang dipaksakan maupun perzinaan yang disetujui oleh dua pihak. Ni yang ga cegah terjadinya zina, ni yang ditentang. 🤔",netral
95,"Dlm tujuan pencegahan dan memberikan definisi yg pasti ttg kekerasan seksual, gak ada yg salah di ayat itu. Tafsir2 lain gak ada tempatnya dlm Permendikbud ini.",netral
96,"Terjadi ke ambiguan, seks bebas itu suka sama suka loh, tidak ada yg menjadi korbannya",netral
97,bagusnya di perbaiki jika memang salah,netral
98,"Doa mu sangat jahat, kamu bukan rakyat Indonesia.",netral
99," @Ummu Nayla  pasal mana yang membolehkan seks suka sama suka? Permebdikbud ini mengatur kekerasan seksual, tidak melegalkan perzinahan. 
Justru melindungi perempuan dari kejahatan seksual dosen, guru, ustadz, senior dll di lingkungan pendidikan.  Pakai logika, jangan kebencian membuta mata.",positif
100," @Gabriella Indah Charista  siapapun yang mendukung aturan setan itu ,maka dia juga termasuk di dalam doa umat Islam",negatif
101, @Ummu Nayla  WKWKKW iyaa deh,netral
102,"No 2 lg marak. Bikin kepo knp ditentang bngt. Coba klo diterapkan, siapa aja yg bakal kena tangkap y",netral
103," @M025_ INDRA  menrisek kok  bikin permen aneh mestinya bikin permen agar pendidikan nasional lebih maju dan cerdas, bisa merata ke seluruh wilayah Indonesia",negatif
104,"tidak dilegalkan, tapi permendikbudristek ini memang ranahnya bukan untuk menangani tindakan asusila tapi kekerasan seksual. kalau asusila kan ada persetujuan kedua belah pihak dan itu sudah ada peraturan yang lain yang dapat menangani hal ini.",positif
105," @Julidz  peraturan yg mana bro?setahu saya yg zina yg bisa di hukum di indonesia yaitu jika salah satu atau kedua pelakunya terikat perkawinan dengan orang lain,gak berlaku kalo kedua duanya single,itu pun merupakan delik aduan,artinya hanya bisa di proses lebih lanjut jika ada pengaduan suami/istri alias pasangan sah salah satu pelaku,seperti yg tertera pada pasal 284 KUHP",netral
106," @Julidz  ada rancangan uu kuhp soal perluasan aturan mengenai zina ini tpi bentuk nya masih RUU setahu saya yaitu kuhp pasal 417,makanya saya minta temen temen yg sekulib jangan protes soal ruu ini supaya cepat di sahkan,nanti kalo ada  aturan permendikbud atau uu kek di atas gak ribut ama kaum kons khususnya kaum islamis,gak capek ribut mulu",positif
107," @akhsan andi  Udah Ada Bang Pasal Perzinaan,Bisa Terikat Prostitusi Bahkan Berlapis Ke Perlindungan Anak Kalo Korbanya Masi Dibawah Umur,Secara Nasional Buat Yg Sama""Single Blm Ada Tp Kalo Secara Provinsi/Per Kota Udah Ada Masing""Hukumanya Entah Denda Atau Penjara,Cuma Ya Bagi Gw Uu Ini Bukan Buat Nanangin Tindakan Asusila Atau Zina,Uu Ini Buat Nangin Kekerasan Seksual Yg Dimana Korban Dalam Paksaan,Makanya Banyak Yg Mikir Ini Legalin Zina Padahal Konteksnya Beda,Dan Menurut Gw Knp Uu Zina Gabisa Buat Yg Sama""Single Karena Di Agama Lain Blm Tentu Ada Larangan,Setau Gw Yg Ngelarang Zina Secara Keseluruhan Cuma Ada Di Peraturan Agama Islam (Maksudnya Hanya Ada Ketentuanya Di Islam) Tp Gatau Kalo Agama Lain Ngelarang Tp Beda Konsepnya",positif
108," @akhsan andi  Iya Secara Nasional Baru RUU Tp Secara Peraturan Provinsi Atau Kota Itu Udah Ada,Ambil Contoh Ditangsel,Di Kota Gw Itu Kalo Ga Salah Kena Denda 2 Juta Kalo Ketauan Membuat Asusila Dikamar,Bisa Juga Penjara Kalo Berulang Kali Dan Ada Surat Perjanjianya",netral
109,"iya itu tergantung daerah nya mengatur atau tidak soal tindakan asusila ini,masalahnya kan gak semua daerah mengatur itu walaupun daerah itu mayoritas muslim,setahu saya ya,ralat kalo saya salah dan soal permendikbud islamis sebenarnya setuju bahwa kekerasan seksual itu perbuatan yg tidak bisa di benarkan,dan mereka tahu maksud permendikbud ini baik tpi mereka melihat ada masalah,ada celah,permendikbud ini bisa di manfaatkan beberapa orang maaf maaf contohnya ayam kampus buat legal standing mereka",positif
110,"tpi udahlah saya gak mau debatin ini karna gak bakal ngubah posisi kedua belah pihak, saya tadi liat di twitter kalo bakal ada pengujian materi permendikbud ini di ma,jadi ya liat aja lah kedepannya gimana",netral
111,P akai K ondom S elalu.,netral
112,"Nggak bisa ditindak dg pemendikbud no.30/2021, tp bisa di tindak dg RUU KUHP pasal 417.",positif
113," @Susi Tri Andarwati  jadi ada mekanisme hukum lain kan atau payung hukum lain gk sih, kalau ingin menjerat para pelaku tindakan asusila ?",netral
114," @Julidz  itu udah aku sebutkan, RUU KUHP pasal 417.",netral
115," @Susi Tri Andarwati  tpi itukan masih rancangan bu belum di sah kan makanya suruh teman teman ibu yg sekulib itu jangan protes soal ruu kuhp ini supaya nanti ini ruu cepat di sah kan,dan kalo muncul peraturan peraturan permendikbud kek di atas gak memunculkan polemik antara kaum sekulib dan kaum islamis",positif
116, @akhsan andi  temen2 saya? Siapa? Anda?,netral
117," @Susi Tri Andarwati  oh ibu gak punya temen temen sekulib,bagus lah bu,soalnya ini rkuhp jalan di tempat karna tekanan orang orang seperti mereka",netral
118," @akhsan andi  siapa itu sekulib, RUU KUHP yg mengajukan kan pemerintah juga, pemerintah juga yg ingin melindungi warga negaranya berbuat zina. Mendikbud pun mendukung pemerintah, namanya juga pembantu presiden. Jadi ga ada itu klausal mendikbud melegalkan zina.",positif
119," @Susi Tri Andarwati  namanya rkuhp berarti itu belum di sahkan jadi gak bisa mengikat,di komentar anda seolah olah rkuhp pasal 417 udah bisa menjerat pelaku perzinahan,bukan cuma yg terikat perkawinan tpi yg masih single juga",netral
120, @akhsan andi  ya tetap tidak merubah kenyataan bahwa pemerintah yg mengajukan dan berusaha untuk dpt selesainya KUHPnya. Artinya pemerintah yg berusaha melundungi warga negaranya berbuat zina kan? Trus apa hubungannya permendikbud dg dilegalkannya zina? Emang sebelum permendikbud zina dilarang? Apa UU yg melarang zina pada saat sebelum disahkan permendikbud?,netral
121," @Susi Tri Andarwati  ada sih tpi uu itu cuma mengikat kalo salah satu atau dua pelakunya terikat perkawinan itu pun cuma delik aduan,bisa di proses jika pasangan sah dari salah satu pelaku ngadu",netral
122," @Susi Tri Andarwati  ya emang pemerintah tpi masalahnya tuh ruu masih mangkrak alias belum di sahkan jadi belum ada payung hukum buat menindak pelaku perzinahan secara luas,kalo soal permendikbud itu emang bener gak ada kata ""zina""atau seks bebas tpi yg di protes kaum islamis,itu frasa ""tanpa persetujuan""",netral
123," @Susi Tri Andarwati  mungkin kalo permendikbud sedikit di revisi,ya mungkin juga kaum islamis akan lebih legowo dengan permendikbud ini",negatif
124," @akhsan andi  halah ga solusiable, spk agamais tp diem aja pas ada pelecehan dipesantren atau tempat pendidikan. Sampe keluarga lu yg kena mungkin lu bakal nikahin pelaku pelecehan sama keluarga lu yg jd korban maklum pemikiran tertinggal bin bobrok",netral
125," @Raja  bla bla bla mucho texto ,kalo gitu nikmatin aja perseteruan ini wkwkwkwk",netral
126," @akhsan andi  menrisex ni berlebihan , permen ni berlakunya di dunia pendidikan aja apa seluruhnya",netral
127,ente ngomong apa sih?ente nanya atau bikin pernyataan?,netral
128," @akhsan andi  terus knp kalo ada frasa ""tanpa persetujuan""? Kan udah betul itu. Kalo dg persetujuan artinya bukan pelecehan, lha wong sama2 mau.",positif
129,aduh udah males saya bahas lagi apalagi komen saya di balas sekarang,netral
130,Hehehe betul yg  terpenting setuju sama setuju,positif
131,mslh prbuatan zinah kn dah ada aturanny sndri d kuhp atau hukum agama msing2. lu komen kyak bocah paud. dah gede tp bloon,netral
132," @WongGemblung  seneng ni yee udeh bebas ""maen"" di kampus,,hemat bro ga usah ke hotel.. dilindungi negara.. 
Bwahahaahah",netral
133, @Rush Day  ya gni kalo toge dksih otak trs maen hp goblokny natural 😌🤣,netral
134, @julian 19  yaelah cuan banyak nih tukang eceran kond*m di kampus.. gas langsung stock banyakin.. ahahaaha,netral
135, @Rush Day  trnyta cuma k-drone kelas paud yg ngoceh..🤣,netral
136,"Setujuuuuj, dan pakek pakean pantai lebih jooos brooow",positif
137," @julian 19  karena KADRUN yg cerdas meggunakan akal sehat, gak ada permen aja nyuri kesempatan apalagi ada permen lebih berani ! Aku yakin selama manusia masih bermoral,berahlaq dan betul2 taat agama gak mungkin terjadi ! Makanya ayo semua ikuti perintah agama dan tinggalkan larangan agama masing2 brooow !",netral
138,aturan dari allah saja sering dilanggar (para pelaku kekerasan seksual yang melakukan kekerasan seksual) apalagi aturan yang dibuat manusia,netral
139,"karena senjatanya beda mas, ada senjata lain yang digunakan untuk memberantasnya. ada di KUHP yang bahas tindakan asusila",netral
140,Ibarat nila setitik rusak susu Sebelanga. Pasal 5 direvisi lagi. Apalagi itu sangat liberal. Menghalalkan penzinahan,negatif
141,"Sekalian pak nadiem, kurikulum pendidikannya ditambahi pelajaran ""cara seks bebas dan merayu pelacur"". 😆😂😆. Hukum negara semakin hari semakin mjd korban ""YG DIATUR"" bukan yg ""MENGATUR"".",netral
142,Entah apa yg merasukimu,netral
143,Turuuut menyimaak 🙏🥰,netral
144,"Direvisi Aja, kata GUS DUR: ""Gitu aja kok repot.""",negatif
145,"MUHAMMADIYAH, IKADI, & MUI (Khususnya dari Prof. K.H. Cholis Nafis) tegas menolak dan suruh cabut Permendikbudristek No. 30 Th. 2021. NU suaranya mana?! Oh, iya. Sudah diwakili Prof. K.H. Cholil Nafis.",negatif
146,PKS mana uu poligami blm turun,netral
147,"Negara bisa di truskan anak2 hasil zina,baguslah dimcok",netral
148,"kalangan perguruan tinggi gak.ada yg nolak....
dan sejak kapan orang jadi berzina karena peraturan menteri.",positif
149,Pak Cecep bicaranya kurang jelas ...,netral
150,Klu soal selangkangan PKS cepat tangap....😄,netral
151,"Kalau PKS sdh kritik pasti permen nya sdh benar, lanjutkan mas menteri",positif
152,"Ingat anggota PKS yg nonton bokep di ruang sidang???bwahaha PKS mau membela kasus kekerasan pada perempun??? Mprettt urusin aja kader2mu yg kampanye poligami, nggak semua perempuan dapat menerima poligami, itulah kalian diskusikan dulu...
Cari sensasi aja....jalankan aja UUnya, supaya cepat ada tindakannya sambil jalan diamati dan direvisi jika perlu...
Kakehan ngoceh",negatif
153,Legalkan zina:v pen jadi kek Jepang kali:v,netral
154,Kalo spt ini justru nantinya byk kasus aborsi efek hamil diluar nikah,netral
155,Peraturan itu sdh benar dan tepat. Kekerasan seksual harus dilawan dan dibrantas.,positif
156,"Tanda2 akhir zaman 
Naudzubillah",netral
157,Innalilahi wa inalilahi rooji'uun,netral
158,Moga aja oenggagas UU anak istrinya jadi korban dan plaku2 zina dan sek bbas..Aamiin,negatif
159,tidak mas. ini mah beda kasus dan beda senjata. kalau masalah kekerasan seksual di lingkungan kampus bisa ditembak pake permendikbudristek ini. kalau ngomongin tindakan seksual yang atas persetujuan kedua belah pihak di kampus (tindakan asusila) itu bisa pakek peraturan-peraturan di kampus (pasti ada peraturan yang melarang tindakan asusila di kampus) atau kode etik dosen (misal pelaku adalah dosen) terus juga ada di KUHP. jadi senjatanya harus disesuaikan. memang permendikbudristek ini gk bisa menindak pelaku asusila karena bukan ranahnya tapi ada mekanisme hukum lain yang jadi patokannya. kalau gitu sih aku nangkepnya dari berbagai perbincangan mengenai hal ini. jadi jangan bahas hal yang diluar konteks,positif
160,Jikalau korban di ancam agar dia ngomong atas dasar suka sama suka trus yg di penjara siapa ? Korban atau keduanya ?,netral
161,Nah itu. Klo ada yg kurng2 bisa diusulkan,netral
162,"kyk RUU PKS, direvisi entah mau nunggu korban bertambah sampe berapa banyak baru selesai~",netral
163," @Rifki Fauzi  iya, kelamaan. Giliran yg lain ngusulin ruu malah dikritisi.",netral
164,Anda benaaar.,netral
165,"betul bro, urusan ginian PKS ga nyampe nalarnya hahha jadi oposisi payah malah lemot",netral
166,👍👍👍👍👍,positif
167,Setuju wkwk,positif
168,Akhirnya Indonesia bisa maju kaya Jepang ga terus2an jadi Islamabad terbelakang.,netral
169, @Riza-kun  yang ada kena azab,netral
170," @xmbelgedesh  mitos yang cuma digaungkan kelompokmu. Kalo ""pondasi"" khayalan itu benar ada dan bukan cuma teori harusnya keliatan buktinya dari perbandingan negara-negara.",netral
171," @Riza-kun  makanya pahami pancasila dulu, khususnya yg pertama. 😆😂😆😂 jgn buka blue2 terus!!! Next, silahkan tanya ke pemimpinmu dan kawan2nya knp kok lebih mendahulukan ""materi"" drpd ""pondasi"" ?",netral
172," @xmbelgedesh  Yang ga paham pancasila itu dimana-mana kadrun ya, bukan kami. Soalnya make argumen ""ketuhanan"" pada aturan hukum agama menjadi hukum praktis adalah ideologi hukum syariat kaya di Arab, bukan Pancasila kaya di Indonesia.

Kalau iya begitu cara menggunakan Pancasila maka bank konvensional harusnya ilegal juga dong karena kata qur'an riba itu haram, kata injil juga bilang ursury itu haram. Tapi kan tetep aja ga ilegal, karena di ideologi demokrasi agama dan dosa urusan masing2 bukan urusan negara meng-ilegalkannya. Kita negara demokrasi bukan syariat. Pancasila itu demokrasi bukan syariat. Moga ngerti ya drun.",netral
173,Pasal mana yang dapat menyebabkan aborsi. Orang permendikbud ini tentang pencegahan dan penanganan kekerasan seksual kok digiring ke pelegalan zina.,netral
174,Klo zina dilegalkan tanda2 hari kiamat 🤣,netral
175,Kalau nnti hamll dluaar nikaah buru2 bilang sdh nikaah siriii??ikutan cara2 celeng nyari pembenaran n pembelaan..!!Pkoknya kitaa ikuti fatwa partai lurus dan  wakl Ketua MUI..soal UU bakal llos krna mreka mrasa kuat dan bkuasa silaaahkan apadaya rakyt ..tp sbg rakyt ada hak juga bdoa jikaaa bnar ituu maka smogaaa anak cucu istri mreka adalah pelaku dan korban2 sek bbas ..hamil brulang2 dluar nikah yg ga jlas siapa yg mnghamili ..dan istri mreka ga malu mlakukan sek bbas ddpan mreka skalipun nnti..demi mematuhi yg katanya UU,netral
176," @Dewi Sriyati12  ngedongeng apa sih bu?. Kyknya gk paham apa yg bahas taunya teriak aja apa yg dia dukung lgi teriakin, tapi gak paham apa substansi yg dibicarakan ckckck",netral
177," @Dewi Sriyati12  kasian nih ibu, kalah debat, nyerang personal. Pahami dulu ibu, jgn lgsg kemakan berita gorengan...😂😂😂😂😂",netral
178,"Gak ada tu, lha soal aborsi udah ada UU khusus yang melarang kecuali atas rekomendasi dokter 🤣",positif
179,Logika liar. Kalau saya ga mau seks bebas ya ga. Ini moral masing2. Kok nyalahin permen?,netral
180,"Saya mendukung sepenuhnya dengan syarat frasa ""dengan persetujuan korban"" dihapus. Karena Permendikbud ini bentrok dengan peraturan undang² tentang asusila, tidak bisa dinamakan ""korban"" kalau si korban itu menyetujui dari si pelaku kekerasan seksual. Asal suka sama suka berarti tidak masalah bukan ¯\_( ͡° ͜ʖ ͡°)_/¯ , seks bebas dilegalkan boleh melalui permendikbud 30 tersebut akan tetapi kontra dengan UU tentang asusila lainnya. Disitulah permasalahannya.",positif
181,"mau keras mau lembut, selama belum sah tetap harus di cegah, ingat sila pertama ketuhanan yg maha esa!artinya aturan agama lebih di utamakan!",netral
182, @Dian chanel  agama apa bro?,netral
183,bukannya sejak wafatnya nabi muhammad sudah dikategorikan ke akhir zaman ? jadi sejak nabi wafat hingga sekarang dan beberapa tahun kedepan itu sudah masuk ke akhir zaman,positif
184,"Lho, memangnya anda mendukung pelaku kekerasan seksual dinyatakan tidak bersalah, gitu?",positif
185,Kalimat mana yang menunjukan bahwa zina dilegalkan dari permendikbud ini bu?,netral
186,Aamiin,positif
187,biasanya yang nyumpahin gini balik ke orang yang ngucap sih,netral
188," @Muhammad Dzulfiqar  , ok lah anda menganggap Permendikbudristek no 30 tahun 2021 gak melegalkan zina. Dan juga. Permendikbud no 30 tahun 2021 sudah ditandatangani Mendikbudristek. Maaf sebelumnya,  seandainya ada mahasiswa mencium mahasiswi secara tertutup di kampus. Tapi mahasiswi tersebut setuju & perbuatan mereka ketauan sama lainnya, apa perbuatan mereka termasuk dalam pelanggaran & dapat ditindak lanjuti menurut Permendikbudristek no 30 tahun 2021 ? 🙏",netral
189, @Muhammad Farhan  ini peraturan pencegahan dan penanganan kekerasan seksual atau tentang aturan tindakan asusila di kampus? Itu dua hal yg berbeda. Ketika tidak ada kata persetujuan bahkan yg harusnya menjadi korban akan ikut dihukum juga karna semua tindakan tersebut adalah asusila yg dilarang jika tanpa ada kata persetujuan. Jika kata itu dihapus maka yg harusnya menjadi korban tindakan kekerasan seksual akan dapat ikut dihukum baik diamenyetujui atau tidak tindakan tersebut. Maka tidak ada perlindungan lagi kepada yg harusnya menjadi korban karna semua dapat dihukum karna berada pada tindakan asusila yg dilarang. Maka tidak ada lagi korban kekerasan seksual yang ada semua pihak yg terlibat dalam tindakan asusila baik di menyetujui perbuatan tersebut ataupun dia sebagai korban pemaksaan akan dihukum sama dengan dia yang seharusnya menjadi pelaku kekerasan seksual.,negatif
190,"Assalamualaikum @Muhammad Dzulfiqar  , iyaa saya tau Permendikbudristek no 30 tahun 2021 adalah permen penanganan & pencegahan seksual. Maaf ya , Permendikbud no 30 tahun 2021 terdapat frasa "" tanpa persetujuan korban"" dalam pasal 5. Maka dari itu, apabila ada mahasiswa mencium bibir mahasiswi  pacarnya & menggosokkan kelaminnya pada mahasiswi pacarnya secara tertutup di kampus . Tapi mahasiswi pacarnya setuju & perbuatan mereka   ketauan , maka bukan pelanggaran & gak dapat ditindaklanjuti , karena mahasiswi pacarnya setuju menurut Permendikbudristek no 30 tahun 2021. Berbeda jika mahasiswi pacarnya gak setuju, maka termasuk pelanggaran & dapat ditindak lanjuti menurut Permendikbudristek no 30 tahun 2021. Maaf sebelumnya, kejahatan  & kekerasan seksual akibat & berawal dari hubungan, perbuatan, kegiatan, tindakan seksual yg bertentangan nilai & norma (termasuk nilai & norma agama) yg merupakan akar masalah kekerasan & kejahatan seksual. Terimakasih, wassalamu'alaikum 🙏😊",positif
191," @Muhammad Farhan  permnedikbudristek 30 saya ulangi berfokus pada penanganan dan pencegahan kekerasan seksual berlatar belakang banyaknya kekerasan seksual yang pada akhirnya tanpa ada penyelesaian dan keadilan pada korban kekerasan seksual di kampus"" yang sudah sangat banyak terjadi tanpa adanya penyelesaina dan perlindungan terhadap korban. Dengan adanya permendikbudristek tersebut dapat sedikit membantu menyelesaikan masalah kekerasan seksual yang terjadi di kampus"".  Mengenai studi kasus yang anda sampaikan kira"" kasus tersebut tindakan kekerasan seksual atau tindakan asusila?. Ketika membicarakan suatu kekerasan berarti terdapat korban, korban artinya orang yang dirugikan bukan dan adanya pelaku yang menyebabkan kerugian?. Jika sama"" setuju apakah tindakan tersebut terdapat korban dan pelaku?. Tindakan asusila dikampus saya rasa sudah ada kode etik masing"" kampus terkait tindakan asusila dan sudah ada di KUHP dan UU perlindungan anak. Lain cerita jika permendikbudristek no 30 ini bertujuan mengatur tindakan asusila pada lingkungan kampus itu hal yg berbeda lagi. Jadi dimana letaknya pelegalan zina di aturan ini?.",positif
192,"Assalamualaikum @Muhammad Dzulfiqar  , maaf RUU KUHP zina belum disahkan. Maaf saudaraku,  seandainya ada mahasiswa yg mencium  bibir mahasiswi pacarnya & menggosokkan kelaminnya pada bagian tubuh mahasiswi pacarnya secara tertutup di kampus. Tapi mahasiswi pacarnya setuju & ketauan sama lainnya, apa  pebuatan mahasiswa tersebut termasuk pelanggaran & dapat ditindak lanjuti menurut Permendikbudristek no 30 tahun 2021 sendiri ? Maaf saudaraku , RUU KUHP perzinahan belum disahkan.🙏😊",netral
193, @Muhammad Farhan  permendikbudristek 30 mengatur tentang penanganan dan pencegahan kekerasan seksual dikampus bukan mengatur tindakan asusila dikampus yang lahir dari latar belakang yg telah saya sampaikan diatas. Studi kasus anda sudah saya jelaskan menurut pandangan saya diatas. Secara jelas belum ada yg mengatur tentang tindakan asusila di indonesia. Permendikbudristek 30 juga tidak ada pelegalan zina.,positif
194,"Assalamualaikum @Muhammad Dzulfiqar  , maaf apabila ada mahasiswa mencium bibir mahasiswi secara tertutup & dengan persetujuan orang terkait di kampus . Apa perbuatan mahasiswa tersebut termasuk pelanggaran & dapat ditindak lanjuti menurut Permendikbudristek no 30 tahun 2021 sendiri ? Maaf yaa, saya bicara Permendikbud no 30 tahun 2021 & bukan peraturan lainnya. Terimakasih, wassalamu'alaikum 🙏",netral
195,"Assalamualaikum @kodill chanell  ,maaf apabila ada mahasiswa mencium bibir mahasiswi  secara tertutup & dengan persetujuan orang terkait di kampus . Apa perbuatan mahasiswa tersebut termasuk pelanggaran & dapat ditindak lanjuti menurut Permendikbudristek no 30 tahun 2021 sendiri ? Maaf yaa, saya bicara Permendikbud no 30 tahun 2021 & bukan peraturan lainnya. Terimakasih, wassalamu'alaikum 🙏",positif
196, @Muhammad Farhan  studi kasus sudah saya jawab ya sebelumya. Terimakasih.,positif
197,"Bingung sendiri ketika tak paham syariat 🤷🏻‍♂️
#risikoBERIKHTILATH",netral
198,"3 minggu yang lalu, pas gue sholat jumat, imam khotbahnya kaya begini nih... tabayun, baca bener2, baca kasus2 aja belum. Udah main klaim ini Permendikbudristek melegalkan zina. Hadeh.... nyesel gue jumatan.",negatif
199,mengmangtap waktunya kentu…,netral
200,Akhirnya...,netral
201,"POLA PEMIKIRAN SEMPIT

JANGANKAN SEKS BEBAS, BUDAYA OPEN BO DI KALANGAN MAHASISWI BANYAK KOK


BANYAK TUH TEMEN ANE AYAM KAMPUS TERUTAMA DI KAMPUS UIN

PAGINYA BERKERUDUNG

MALAMNYA BUKA WARUNG",negatif
202,"Perdebatan ini konyol sekali. Jelas2 tujuannya utk pencegahan kekerasan seksual. Kekerasan seksual hoiii. Jadi mana yg termasuk atau ga termasuk.
Kalau mau ngomong masalah seks bebas, tinggal buat peraturan baru tentang kode etik perguruan tinggi dgn sanksinya..
Duh, alasan penolakannya terdengar goblok sekali..",positif
203,Sak karep2mu,netral
204,"Melegalkan zina?
Ya kalian cari cari selangkangan mulu.",negatif
205,"Yg bilang permen ini melegalkan sex bebas, fix orng"" yg males baca, dan kalaupun baca sesuai nafsu mreka",negatif
206,"Ibarat kita pasang peringatan ""Dilarang kencing di sini"", terus dianggep boleh BAB.

LOGIKANYA MANA, WHYYYYYYPOSISI",negatif
207,Buset ini suara fattah wnf1? Nyampe sini juga euy wkwk,netral
208,"Cadel, geli",netral
209,"Cadel, geli",netral
210,"Dari dulu MUI cuma bisa nolak2 + ngritik doang
Dari dulu banyak kasus homo, pencabulan di pondok. kdrt, perkosaan dll MUI sampe skrng ayem2 aja ga nerbitin fatwa atau aturan

Giliran ada yng peduli malah dibantah mentah2",negatif
211,Gini klo pasal ini acc.. para ustad/habib mesum g bisa apa2 lagi,negatif
212,Mungkin anggota permendikbud otaknya ngeres semua,negatif
213,Lah ini saya di kampus samping orang pacaran apa harus saya laporkan ke dua orang ini melakukkan kegiatan zina di kampus ?,netral
214,Kebiasaan indonesia gak bisa paham konteks,negatif
215,NANTI HAMIL NANGISS !!,negatif
216,R min,netral
217,"Seringkali orang salah fokus dengan apa yang di tetapkan oleh pemerintah, apakah ini benar benar kesalah fahaman atau intrik politik untuk menjatuhkan dan memberi kesan buruk? Seharusnya sebagai politisi, tokoh publik apapun itu berusaha untuk objektif menilai dan memahami sesuatu demi kemajuan bangsa bukan untuk unjuk identitas bahwa dialah yang harus didengarkan!",negatif
218,"justru dengan adana permen ini memberikan perlindungan buat korban untuk berkata tidak ketika ada pelecehan seksual karena sudah dilindungi secara hukum sekarang, apalagi udah jelas garis-garis terkait tindakan apa aja yang termasuk ke dalam pelecehan seksual",positif
219,"Yang menjadi poin disini adalah seharusnya pemerintah menutup segala hal yang mengarah kearah seksual (zina). Kalo dgn permen ini bsa menaggulangi kekerasan seksual, lalu nanti bagaimana dengan pergaulan bebas di ranah pemuda khususnya mahasiswa. Nahh itu harusnya juga dipikirkan, bagaimana jika nntinya ada kasus2 lain yg berhubungan dgn seksual. Melihat keadaan pemuda yg saat ini seperti tidak ada batasan norma dalam bergaul hidup sebebas bebasnya. Sungguh jauh dari norma2 beragama",netral
220,Pelecehan sesk itu banyak yg dibujuk dan akhirnya mau dari pada yg diperkosa karna jalan terakhir karna ga mau.,negatif
221,Orangnya aja culun y gtu,netral
222,audio editingnya jelek sekali,netral
223,"Masak frasa atas persetujuan pribadi itu diganti atas ijin partai-mu? beri solusi frasa yang baik, jangan memprotes atau membelokkan kata yang sepertinya sudah cocok untuk digunakan, dan jangan semudah nuntut untuk dihapus, itu solusi cetek.",positif
224,"Kata2 diganti,selama menteri nya bukan dr kadrun pasti digoyang terus,lihat pariwisata sekarang adem kan? seorang Wisnutama yg hebat aja tdk berkutik JD menteri,karena sekelilingnya kadrun semua",netral
225,"Yang protes dan cari celah tolol, udah tau konteks nya UU untuk kekerasan seksual, PAHAMI FOKUS UU NYA DIBUAT UTK APA. kalau permasalahan perzinaan atau perselingkuhan itu beda lagi dan sudah ada KUHP nya..... Kalau tolol dari lahir memang susah",positif
226,Yang menolak memiliki pemikiran konsevatif fundamental wkwkwwkwk,positif
227,"Kritik: Emang pelecehan seksual ada yang gak dilakukan tanpa kekerasan dan hasil persetujuan orang lain?

Opini; yang namanya pelecehan, verbal & non verbal mungkin yang panjenengan maksud, sudah pasti kekerasan dan orang macem apa yang ngasih persetujuan ke orang lain buat dilecehkan?",positif
228,"Mengembangkan pola pikir aneh dan dangkal memang cara mereka dalam menolak PPKS, mereka selalu menggunakan logika terbalik dalam berargumen menolak hal yg mereka tidak suka 😄 rata2 mereka adalah pengikut Partai Kekerasan Seksual",positif
229,Mendi diem aja borr drpd resiko 😂🤘 udh serah indonesia nantinya jd apa bodoamat,netral
230,"Apa susahnya hapus diksi ""tanpa persetujuan korban"".   Yang nama nya korban pasti g setuju.",negatif
231,"Melegalkan zinah? Pasal zinah di KUHP aja syaratnya salah satu pelaku harus dalam hubungan pernikahan, mirip seperti aturan selingkuh memang. Lalu kalau para pelaku belum menikah? Ya tak bisa dijerat hukum pasal zinah. Bisa gak KUHP ini dibilang melegalkan zinah?  So, kalau masalah multi tafsir, pasal yang udah jelas aja bisa ko ditafsirkan lain. Wkwk",negatif
232,"kamu gak lulus ya untuk ujian matkul ""A"", kamu ujian ulang, temui bapak di oyo, kalo kamu gak mau, kamu gak bakalan lulus (pengalaman pribadi, mantan gua di ancem gitu)",positif
233,"Gampang saja. Tinggal hapus kata ""Tanpa Persetujuan"". Selesai urusan",negatif
234,Wah kacau,netral
235,"Niatnya baik, jalannya keliru. Kalau mereka mau zina jadi ilegal atau bisa dipidanakan, ya usahakan agar diatur di KUHP, jangan mendompleng masalah kekerasan seksual yang riil dan urgent. Pertama RUU P-KS, skrg Permendikbud ini, apapun niatnya tindakannya jelas2 menghambat.",positif
236,"Berarti norma/agama/aturan kampus & masyarakat blm kuat? Perlu dibuatkan peraturan berbeda dengan fokus Zina / seks di luar nikah?

(Terus peraturan Zina ini isinya apa? Hukuman, kriteria, definisi, dlsb)",netral
237,Fokusnya permennya aja tentang kekerasan seksual bukan zina secara umum.,positif
238,"Kadrun apaa??
Kadal gurun
Katak bhirun
Kamu Kuntrun

Kadrun kan ucapan yg suka dipakai orang yang mengaku sering dizolimi, padahal aslinya sering jilat ludah sendiri.. dan ucapan itu dulu pernah diucapkan para PKl",negatif
239,The ugly truth,negatif
240,Partai korupsi sapi berkedok holaqoh juz amma,netral
241,"Makanya belajar hukum om biar tau, baca produk hukum bukan seperti baca novel.",negatif
242,"kalo ada persetujuan, itu bukan kekerasan seksual, perbuatan seks diluar nikah itu BUKAN KEKERASAN SEKSUAL, tapi perbuatan yang melanggar norma agama, makanya kalo baca tuh yang bener.",negatif
243,"Toh consent itu bukan hal baru di indonesia, mengambil barang orang tanpa izin (consent) bisa dikategorikan sebagai tindakan pencurian.",negatif
244,Waw,netral
245,Woahh parah anjir,netral
246,Parah bgt tu,netral
247,apakah sudah diberitahukan ke pihak sekolah atau kampus?,positif
248," @Aldo Binar  udh clear bro, dosennya udh di depak sm pihak kampus, yg penting ada bukti aja dari percakapan tsb.",positif
249,"Udh baca uu nya? Klo dihilangkan kata tanpa persetujuan maka bisa dikategorikan pelecehan seksual setelah ada kontak fisik, tp klo ada kata tanpa persetujuan maka ketika pelaku baru menawarkan transaksi seks, misal lu ditawarin dosen nilai A tp minta lu foto telanjang, baru verbal lu udh bisa jd kan alat lapor, karena transaksi yg dilakukan tanpa persetujuan lu, gw lihat lu make foto ginian pasti kemampuan pemahaman seharusnya udh diatas rata2 dong",netral
250," @Alluxes S  ohh,, jadi sebelum ada permen ini kalo dosen nawarin seks aman ya bro?? gak bisa dijadiin alat bukti??",positif
251," @awi asnawi  gak bisa selama belum ada kontak fisik, teman gw dlu korban 2, kita mau laporin pun apa yg bisa dilakukan dan dasar apa, Makanya dalam permendikbud bahkan catt calling aja bisa dianggap pelecehan,",positif
252," @Alluxes S  mereka kurang literasi, tapi pas diedukasi malah nyerang balik.",negatif
253," @Aufa Billah  selain kurang literasi mereka ini juga tipe org yg mikirnya ngeres mulu bro, jd susah memproses positif informasi yg berkaitan dengan seksual,",negatif
254," @Alluxes S  iya benar, apa-apa dikaitkan dengan pro zina. 1 pasal kok dibebankan untuk seluruh perbuatan asusila, ada-ada aja cara berfikirnya.",negatif
255,"Pelecehan verbal itu udh ada pasalnya
315 KUHP dan 289 - 296 KUHP
Itu udh pelecehan verbal tanpa ada sentuhan ato secara interface",negatif
256,"Pendapat saya,   zina atas sadar suka sama suka tanpa Ada tekanan & Kekerasan maka perzinahan tidak akan terjadi. Perbutan ini membutuhkan tekanan & kekerasan",positif
257,"Judulnya bagus, isinya melegalkan kekerasan, tolong dibaca isinya dengan teliti pak mentri",positif
258,"Tujuannya baik, tapi bagaimana mas mentri menjawab frasa dalam permendikbud tentang ""tanpa persetujuan"" , artinya kalau dilakukan dengan persetujuan maka dibolehkan?",positif
259,"Banyak bacot nadiem, jelas salah ngeyel lo",negatif
260,Asatgfiruloh,netral
261,Munkin makarim sukak sex,negatif
262,Dajal,netral
263,"Makanya hrs nya kl terjadi kekerasan Sex pd wanita apapun alasan nya kl terbukti disetubuhin perempuan harus laki laki yg di hukum berat. Walaupun perempuan yg ngasi barang nya kl laki laki menjaga Jakar nya pasti tdk akan terjadi. Apalagi kl Guru, polisi melakukan kekerasan sex harus di pecat dan hukum seumur hidup.",positif
264,"Mengapa tokoh wanitanya diam terus ,ada apa?",netral
265,"Ngenyel banget sih para kadrun ama permendikbud ini, tujuannya udah jelas untuk melindungi korban dari kekerasan seksual di lingkungan perguruan tinggi. Di dalam Permendikbud itu tidak mengarah ke Zina.
Hadehh hadeh… bikin negara yang saya sayangi ini jadi ribet.
Kalau ngomongin peraturan Zina, sono usul ke DPR, untuk dibuat peraturannya. Jangan disangkut pautkan ama ruang lingkup konteks Permendikbud 30 Tahun 2021 ini.",negatif
266,Klo begitu supaya tidak terjadi hal-hal yg tidak diinginkan dipisah saja kelas khusus laki-laki dan kelas khusus perempuan macam gerbong kereta itu.,positif
267,kali ini mahasiswa menolak di tunggangi ulama2 kadron  otak mesum  yang selalu memahami salah permendikbud katanya melegalkan sek bebas dan LGBT @,negatif
268,Udah diperintahkan beliau pak Presiden Jokowi yang tanggung jawab para pendidiknya.,netral
269,"Semangat itu kita hargai ttp mslhx adh norma yg tertulis terhadap frasa ""dengan persetujuan"" itulah bukti legalx sex dgn persetujuan.",positif
270,"Kalau tubuhmu di bungkus seperti permen lollipop siapa yg gak tergiur? Udah di bungkus juga masih kelihatan bentuknya, ya kan?

Makanya di TUTUP bukan di BUNGKUS paham sampai sini mahaciwi?",positif
271,"Ojk ga berani tutup pinjol yg legal...pdhl praktek nya bunga pinjol legal tinghi bngt...
Mungkin ojk merasa ngga pernah dirugikan oleh pinjol...jadinya ngga penting bngt mikirin pinjol..
Bahasa lampau mengatakan :
"" Emang guwe pikirin ? """,netral
272,"Real bgt kekerasan seksual dikampus sdh darurat sekali..
Kenapa ada oknum yg tdk setuju dg Permendikbud ini... Dg alasan konotasi kata menghalalkan zina...
Tragis sekali negri ini",positif
273,"ini bikin RUU jangan disamain kyk bikin apps dong hehe.. kata2 bukan tanpa persetujuan, mirip waktu kita baru install apps baru di smartphone hihihi..",netral
274,Permendikbudristek ini udah pantas di terapkan namun klu dengan cara pemaksaan dan kekerasan alias pemerkosaan nggak bisa di benarkan  terkecuali keduanya sama sama suka dan sama sama senang. Bisa di terapkan permennya.  Begitu pak. Terapkan saja asalkan sesuai dengan kaidah kaidah hukum dan norma norma kesopanan alias jangan di pertontonkan.,positif
275,Ngeyel....,netral
276,Hadeh bagai mana kalo akhirnya mereka jadi LGBT bukan gak mungkin asal tau aja Bahkan di tempat sekelas pesantren aja Banyak LGBT cuma diem diem aja.,negatif
277,Mau tanya buktinya apa saya sendiri merasakannya teman saya di pesantren ada yang jadi belok karena tidak pernah melihat lawan jenis bahkan NARAPIDANA juga seprrti itu.,netral
278,"🤣🤣🤣efek menteri asal comot  
Gak jelas, mungkin gak ada orang pandai di indonesia",netral
279,Mentri juga harus musyawarah ma mui NU muhamdiah biar deal .... Jangan asal 1 aj comot 😂😂😂,netral
280,"Ancur nya iman ancur ahklak norma2... 
Yg d tekan semua yg terkait nya ga becus ngajar ngedidik  .. murid nya melanggar pecat aja... Kasian disen yg bener murid yg bener 🙏🙏🙏 oknum nya yg harus d babad d musnahkan",negatif
281,Enak nih..klo suka sama suka bebas gak di pidana...kaya kucing kawin di mna aja...,positif
282,"Otak mesum menyerap frasa tanpa persetujuan yaitu berarti boleh melakukan kalo disetujui...😂
Dalih seks bebas jadi tameng buat para kadrun otak mesum.
Apa yg membuat kontroversi itu hanya negatif saja otaknya? Ya iyalah....
Kalo konteks pelecehan dan kekerasan seks harusnya isi peraturan sudah benar. Kalo mau lari ke zina, Wani piro..? Itu sdh ada undang2 prostitusi jg... Jadi mau di bikin apa lagi?",negatif
283,"Kadrun doyan cabul gak terima, mereka gak bisa mesum lagi gara2 aturan itu.",negatif
284,"Dalam keadaan darurat,,, menyedihkan,,  dilakukan oleh Pendidik yang tidak terdidik.",positif
285,Usul pak Mentri  klu BLH  maha siswa di waktu   ujian smester klu blm bisa blm uang dmester klu di blhkan  ttap mask ujian sesudahnya ttp bayar seluruh maha siswa seluruh Indonesia swasta maupun negeri demi situasi kopit pemulihan ekonomi org tua lg  susah cari mkn  cm usul mksh pak Mentri THN 21 dan 22 atau byr stengah seluru jgn pilih2 klu blm  ada uang klu di blhlkan ikut smseter atau ujian maha siswa mksih pak presiden,positif
286,Melancarkan bisnis hotel 👍🤏,negatif
287,dah dengan sangat hormat  mundur saja  .,negatif
288,"peraturan ini berada dalam konteks kekerasan seksual, bukan zina. Jadi beda konteks, beda juga peraturannya. Mohon disimak sebelum komentar. kata kekerasan itu sudah pas dengan istilah persetujuan. Jadi, sebenarnya peraturan ini sudah matang.",positif
289,"Peraturan Pelecehan sexual Nakarim  dibikin celah utk sex bebas.akal2an aja hasil survey 
Nanti korbannya yg rugi",negatif
290,"Bagus pak nadiem, dgn peraturan ini gak ada lagi dosen cabul yg berani megang tangan atau pundak mahasiswinya TANPA IZIN, 
ga ada lagi dosen genit yg manggil mahasiswinya sayang atau i love you TANPA IZIN MAHASISWINYA,  

Karena kalau tdk dgn kata TANPA IZIN, dosen cabul itu akan berdalih hanya memegang tangan saja,hanya bergurau, hanya memfoto, dan ga akan bisa dipidana. 
Tapi dgn permen ini dosen cabul bakal gemeteran, takut utk beraksi, karena salah sedikit saja kalau TANPA IZIN mahasiswinya,  dosen cabul bisa kena pidana pelecehan seksual.",positif
291,"Permendikbudristekdikti 30/2021 jelas ada pasal yang membolehkan zina, maka harus direvisi pasal tersebut karena bertentangan dengan Pancasila sila 1 yaitu Ketuhanan Yang Maha Esa. Tujuan baik jangan melawan syari'at.",negatif
292,"Udh lah ganti aja menterinya sekolah pendidikan makin amburadul jaman skrg ,",negatif
293,hukum mati slesai. lama amat,netral
294,"89% laki-laki
4% perempuan
7% apa?",netral
295,germo,netral
296,"Kita gawat daruat dikampus karenahukum tidak jalan, kalau Nadim makarim tidak mampu silakan mundur berikan kepada orang yang dianggap mampu ""sekali lagi kita ingatkan kampus adalah untuk memanusiakan manusia bukan untuk beternak pelacur.",negatif
297,ada untung besar di lobang hidung dan lobang pantat lumayan buat bayar hutang😂,netral
298,"Kasian sekali padahal keluarganya islami bgt, eh dia dicomot sama Jaringan islam liberal😂😂😂",negatif
299,tapi kecebong tukang zina jadi bahagia ya bang kalo digerebek pas zina gabisa dijerat hukum😂😂🤣,negatif
300,Kadrun ituh yg suka pake koteka ya bro,netral
301, @Myth Randir  zinahnya cebong dilindungi Negara,netral
302,"klo ngotot lanjut bisa meledak populasi di indonesia nie. 
Bakalan banyak anak hasil hubungan diluar nikah.",negatif
303,"Setiap orang beda pemahaman. Klu ada kata2 tanpa persetujuan, berarti klu setuju berarti boleh melakukan zina?",netral
304," @DIAS Channel  kalau setuju dan melakukan zina sudah tidak memakai aturan Permendikbud No 30, bisa di alihkan ke Undang undang yang mengatur tentang zina.",positif
305," @DIAS Channel  makanya dibaca baik-baik suupaya pemahamannya menyeluruh, gak setengah-setengah. Ingat konteksnya bro, muatan kata kekerasan itu mengandung persetujuan atau tidak, ini kan bukan undang-undang tentang zina. beuh!",positif
306, @Purnomo  benar sekali.,positif
307," @Purnomo  kalo gitu ntar jadinya malah pembenturan antar undang2 dong,gimana kalo si pelaku bersembunyi di kata ""tanpa persetujuan"" Di dalam permendikbud no.30?apa undang2 yg lain bakal bisa menjerat si pelaku?",negatif
308," @Bayu Hasanudin  justru kalau ""tanpa persetujuan"" di jerat menggunakan permendikbud no.30",positif
309," @Purnomo  mksd ane gini bro,kan di permendikbud no.30 itu semua tindakan bakal disebut sbg kekerasan seksual jikalau ""TANPA PERSETUJUAN KORBAN"",jadi kalo korbannya setuju,apa bakal disebut kekerasan seksual??kalo tidak,trus fungsi permen ini apa?iya ane tau permen ini fungsinya sbg benteng buat korban pelaku kekerasan seksual,tapi in other side menurut ane,permen ini scr gak langsung melegalkan seks bebas dengan adanya kata ""TANPA PERSETUJUAN KORBAN"" itu,ane gak bilang permen ini  buruk,tapi bagi ane permen ini kurang worth it dengan adanya kata ""TANPA PERSETUJUAN KORBAN,kalo permen ini di konfirmasi dan di patenkan dengan ada Kata "" TANPA PERSETUJUAN KORBAN"" Didalamnya,ane menolak keras sih",negatif
310," @Bayu Hasanudin  pelecehan seksual itu bukan cuma dlm bentuk tindakan, banyak cara bentuk pelecehan seksual, bisa dgn verbal, penggunaan otoritas, memfoto/video, bahkan memandang dan bersiul aja bisa jadi pelecehan seksual.

Kalau tdk ada namanya kata ""tanpa persetujuan korban""..
Pelaku bisa berdalih hanya bersenggolan, hanya bergurau, hanya memfoto, hanya menjalankan tugas,.. 
Dan ga bisa dipidana,, 

Contoh
kalau ada org memfoto wanita, itu mana bisa disebut pelecehan kalau ada persetujuan wanitanya. 
Tapi kalau fotonya diambil tanpa persetujuan si wanita dan si wanita ga terima, 
Itu bisa jadi pelecehan seksual.

Yg menentukan mana pelecehan seksual itu bukan pks, bukan mui, bukan elu yg melihat, 
Tapi si korban yg merasakan.",positif
311," @Purnomo  Ngga ada btw. Sejauh ini hukuman zina di KUHP itu cuma buat pasangan yang sudah menikah. Kalo belum menikah mah gaada aturannya di negara kita, lanjut terus asalkan suka sama suka mah...",negatif
312," @kucingmasjid_ | 馬花戀  ya berarti nuntut nya ke yg buat KUHP,  bukan ke mendikbud.  Mendikbud hanya mengikuti aturan yg sudah ada",netral
313,"kalo sama-sama mau, ya lanjut terus zina dimanapun dan kapanpun ya🤣🤣😂 Dosen bakalan enak punya banyak placur di kampus karena sama-sama mau😂🤣",negatif
314,"lagi juga mana mau anak 20-an berzinah sama bapak dosen pembimbing usia 50-60 an
kebanyakan ga dikasih izin",netral
315,Demi nilai bagus...terusin pak dosennnn😁😁😁😁gak apa apa......asal nilai bagus......akhirnya bercocok tanam kake sugiono merajalela....mengecrotttt crott crott,negatif
316," @idham coy  lihatlah kelakuan kadrun, mereka sok paling beragama,
tapi lihat aja ni bentuknya macam begini.
Cara nya komen, caranya berpikir,  pasti ga jauh2 dari selangkangan. 
Begitu mungkin ajaran ulamanya.",negatif
317, @Jhon Ghost  lah ngapah jd ke sosoh ya....😁,netral
318,"Syariat?  Dikit"" ngomong agama n syariat .
Poligami n 
Binik bnyak bolih  🤪😁 
 CMA dalih saja. Pembodohan saja
Puih......bulsit",netral
319," @Wiji Asih  kenapa dgn poligami? Lu iri di agama lu gak bisa poligami, lagian poligami di islam gak bisa asal, ada syarat yg berlaku dan cukup susah. Jika gak bisa memenuhi syarat gak bakal bisa poligami",positif
320," @muhammad widi sya' bani  
Hhhh aq Islam 
Aq Muslim 
Tpi jjik dengan Poligami !
Aq gk mcm elu yg doyan sekangkangan.
Yg doyan Poligami !
Kita siapa Poligami Susah? 
Ijab siri sdah sah.
Mau 3 /4 binik. BSA .",netral
321,Udah biasa kadrun menolak Undang undang kekerasan seksual,negatif
322, @Kelebihan Bayar  kadrun ituh yg suka pake koteka ya bro,netral
323,Udah biasa kadrun menolak uu kekerasan sexual,negatif
324, @Kelebihan Bayar  udh gajian blm bro,netral
325, @KELUARGA BINTANG  Gajian? Hahaha faktanya begitu kok hahaha gak nangkep banget maknanya apa yang mau di sampaiin mas nadiem,netral
326,BILA NADIM BERADAP AKAN MEREVISI,negatif
327,Koment 1..,netral
328,Udah biasa kadrun menolak undang undang kekerasan seksual,positif
329, @Kelebihan Bayar  udh gajian?,netral
330,"klo dia beradab mah dicabut, dia membuat sesuatu yg jelas hitam-putih menjadi abu-abu.",positif
331,SEMUA SIBUK BIKIN ATURAN DAN BISANYA BIKIN ATURAN. HABIT NEGARA GAGAL,netral
332,"Kalo ternyata korbannya hanya dirayu oleh pelaku sehingga mau buka baju.. terus melapor karena suatu alasan, mengaku jika dia sudah dipaksa oleh pelaku. Itu gimana?...",netral
333,setuju,positif
334,Semangat bang menteri.,positif
335,TETAP SEMANGAT JAYA RAHAYU DIAYOMI DIAYEMI pak Mentri....,positif
336,"Maju terus mas menteri, yang bilang pengaruh2 barat enggak tahu bahwa banyak juga negara Islam yang tidak perduli dengan kekerasan seksual dan tidak menerapkan kesetaraan gender...... Dan di barat lebih banyak negara yang peduli dengan kekerasan seksual ini.",positif
337,Ada oknum jahat dalam dunia pendidikan yang harus segera dibersihkan... Dunia pendidikan itu ramah untuk semua.... Maju terus Mas Menteri.....!!!!,positif
338,Maju terus Mas Menteri.... Sehat selalu.....Majulah Indonesiaku....,positif
339,mana ada kekerasan seksual di kampus....lha belajar aja online..masa iya kekerasan sexual secara online...wkwk,positif
340,Kekerasan seksual itu gimana....suka sama suka tapi jerit kesakitan apa juga kekerasan....kalo gak suka tapi diam merem melek gimana....,netral
341,"Lanjutkan mas mentri, yg nyirnyir mmg mrk kerjaannya mutarbalik fakta, mrk itu bodoh dan mabok agama, otak mesyumm, mrk pasti org2 Parte Konthol 5api (PK5).",positif
342,"Jadi  ""cuma"" merujuk ke definisi dari kbbi ? 🤭",netral
343,"Ini orang tidak punya etika moral orang indonesia,tapi di suruh ngurus soal pendidikan di indonesia,maka klo mmbuat peraturan pasti di bumbui sperti moralnya orang barat.padahal saat ini pendidikanlah pondasi grnerasi muda yg bermoral baik.",negatif
344,Aduh...kemayu banget suaranya.,netral
345,Mereka anggap perempuan cuma alat pemuas seperti boneka barbie yg bisa dicolet suka2.,netral
346,Menteri urusan seks bebas?,netral
347,"Jika banyak yg mengkritik, mk besar kemungkinan ada yg tdk benar. Jk tetap dipaksakan, mk hanya sedikit cara agar ditaati, yakni pemberian sanksi.
Apa yg bisa diteladani?",positif
348,Suruh ngojek saja,netral
349,Acak acak semua..kalo udh ancur khan baru puas..wanita yg seharusnya di jaga..malah tak aman bersekolah,positif
350,"Ya iyalah, itu jatuhnya manipulatif dan pemaksaan. Tetep bentuk kekerasan dan menyebabkan trauma, harusnya pelaku tau malu bisa menghargai diri sendiri dan org lain. Org yg punya wibawa gak berfikir untuk ngelakuin hal itu",netral
351," @Jessi S  kalo misalnya orangnya pacaran/ complicated lah.. terus putus, lalu terjadi kasus pelaporan yg sebelumnya, kejadian tsb dilandasi suka sama suka gimana ya?..",netral
352,Di cabut dan di revisi itu solusinya,negatif
353,Di cabut dan direvisi itu solusinya,negatif
354,"Foto siapa nih dipajang2 zer, kasian yg punya foto. Mosok ada emak2 berjilbab menghalalkan zinah😂",negatif
355,"Omongane rek, bayangin nek itu ibumu, adikmu atau anak perempuanmu di jamah orang dengan paksa... Mikir!!!",netral
356,"Pemikiran yang gak punya etika, gak pernah baca semua tujuan dan konteks Permendikbud ini. Malu ama diri sendiri wkwkkwkw…",netral
357,Suaranya kayk  b...............,netral
358,"Sok iye banget yang bilang gini. Ngaca dulu napa.. , inget umur woi…",netral
359,Kalu ada kekerasan seksual dimanapun tempatnya..bukankah itu udah ranah nya pidana ya..🤔😯ngapain buat permendikbud segala?kuhp nggak cukup 🤔...,negatif
360,Mana UU nya? Mana pasal kuhp yg ngatur kekersan seksual?,positif
361,"Gak ada dan memang KUHP gak cukup, banyak baca data dan perspektif nyata bukan asal kompor liat judul berita 😅 memang kuhp gak cukup untuk mencegah, melindung dan merehabilitas korban makanya di buat pasal ini.",netral
