,Komentar,Label,sentiment
0,"['lha', 'keras', 'seksual', 'mmg', 'definisi', 'hrs', 'tuju', 'korban', 'mana', 'logika', 'nolak', 'gimana', 'lawan', 'keras', 'seksual', 'klw', 'ndak', 'definisi', 'aoa', 'keras', 'seksual']",2,1.0
1,"['jngan', 'dekat', 'zinah', 'atur', 'dn', 'ndak', 'pasal', 'uu', 'dll', 'demokrasi', 'tdak', 'layak', 'untk', 'isi', 'penting', 'petinggi', 'untk', 'maslahat', 'masyarakat', 'dn', 'aq', 'bsa', 'jadi', 'tameng', 'oknum', 'keras', 'seksual', 'jngan', 'media', 'skrang', 'byk', 'ngomong', 'ngawur']",1,1.0
2,"['the', 'law', 'is', 'art', 'rinci', 'gampang', 'belok']",2,1.0
3,"['tetap', 'aoa', 'keras', 'seksualitas']",0,0.0
4,"['lbih', 'cock', 'terap', 'dikemendikbud', 'dn', 'dpr']",0,2.0
5,"['pakai', 'anak', 'sekolah', 'dn', 'mahasiswa', 'rok', 'hrs', 'lutut', 'ganti', 'tri', 'bubar', 'jga']",1,1.0
6,"['korban', 'ragu', 'lapor', 'usul', 'uu', 'lindung', 'hukum', 'korban', 'jd', 'polemik', 'pdhal', 'tinggal', 'revisi', 'apologize', 'uu', 'diusulkn', 'partai', 'gmn', 'kbrnya']",2,1.0
7,"['presenter', 'suka', 'motong', 'cakap', 'nara', 'jd', 'ngeh', 'gitu']",0,1.0
8,"['ormas', 'islam', 'dukung', 'permedikbudristek', 'no', 'keras', 'seksual', 'tolak', 'pasal', 'ayat', 'tuju', 'korban', 'dn', 'permendikbud', 'nadiem', 'hilang', 'tuju', 'korban']",2,0.0
9,"['negara', 'kacau', 'jabat', 'nyeleneh', 'coba', 'urus', 'subtantif']",1,0.0
10,"['tri', 'nadiem', 'pecat']",1,0.0
11,"['ranah', 'mendikbud', 'keras', 'seksual', 'klw', 'ranah', 'menteri', 'perempuan', 'dn', 'anak']",2,0.0
12,"['permendikbud', 'bnr', 'jngan', 'revisi', 'laksana']",2,2.0
13,"['bicara', 'idiologi', 'sbg', 'muslim', 'tp', 'fakta', 'ttp', 'hrus', 'terima', 'klw', 'bicara', 'pojok', 'islam', 'islam', 'islam', 'kotak', 'amal', 'dn', 'anjur', 'sedekah', 'kbetulan', 'mreka', 'sesat', 'adl', 'saudara', 'qt', 'muslim', 'mjd', 'isue', 'ksalahan', 'mreka', 'bkn', 'ksalahan', 'pnegak', 'hukum', 'adl', 'masalh', 'brsama', 'hrus', 'dhadapi', 'brsama', 'bgmn', 'qt', 'mnertibkan', 'muslim', 'pemahamanya', 'tdk', 'sesat', 'dr', 'sedikit', 'mmbahas', 'syurga', 'sbg', 'imbal', 'dn', 'neraka', 'sbg', 'hukum', 'lbh', 'hrs', 'bahas', 'adl', 'mngenali', 'tuhan', 'dn', 'konsekuensi', 'mnganut', 'agama', 'brarti', 'mngabdi', 'pd', 'tuhan', 'bkn', 'mmpertahankan', 'imej', 'mngejar', 'syurga']",2,1.0
14,"['duh', 'atur', 'keras', 'sexual', 'atur', 'penzinahan', 'ini', 'beda', 'tuju', 'korban', 'kl', 'tuju', 'keras', 'sexual']",2,1.0
15,"['kalimatx', 'bsa', 'difahami', 'tuju', 'korban', 'undang', 'blm', 'bsa', 'bahasa', 'indonesia', 'bae', 'dn', 'bnr', 'kayakx', 'namax', 'korban', 'jls', 'ndak', 'tuju', 'klw', 'unsur', 'tuju', 'namax', 'oknum', 'korban', 'namax', 'jdi', 'kalimat', 'seharusx', 'revisi', 'bae', 'hilang', 'kalimat', 'klw', 'ndak', 'jdi', 'debat', 'kalimat', 'bae', 'dpt', 'tuju', 'atau pun', 'ndak', 'tuju', 'korban', 'bnr']",1,0.0
16,"['degradasi', 'moril']",0,2.0
17,"['zinah', 'haram', 'kcuali', 'tuju', 'lawan']",2,1.0
18,"['anehny', 'negeri']",0,2.0
19,"['coba', 'deh', 'tuju', 'permen', 'pasal', 'korban', 'ancam', 'untk', 'tindak', 'keras', 'seksual', 'tsbt', 'dasar', 'suka', 'suka', 'trus', 'laku', 'nggak', 'kena', 'permen', 'kampus', 'kena', 'pasal', 'tindak', 'a susila', 'trus', 'kena', 'sypa', 'korban', 'laku']",2,0.0
20,"['hrs', 'definisi', 'aoa', 'buat', 'dlm', 'keras', 'seksual', 'dn', 'definisi', 'tuju', 'korban', 'logika', 'wajar', 'kalimat', 'hrs', 'cantum']",2,1.0
21,"['dmitrii', 'senang', 'mesum', 'marah', 'permendikbud', 'colek', 'dn', 'raba', 'raba', 'sangsi', 'buka', 'baju', 'langgar', 'moril', 'dn', 'kuhp']",2,1.0
22,"['muhammad', 'thohir', 'oke', 'sampek', 'permendikbud', 'tsb', 'bentrok', 'uu', 'pornografi']",0,0.0
23,"['suka', 'suka', 'ndak', 'masalh', 'aq', 'seks', 'bebas', 'patuh', 'permendikbud', 'boleh']",2,1.0
24,"['dmitrii', 'pasal', 'bentrok', 'coba', 'sebut', 'klw', 'memeng', 'ngerti', 'jngan', 'ikut', 'ulama', 'kadron']",2,0.0
25,"['dmitrii', 'isi', 'otak', 'mesum', 'ulama', 'kadron', 'ndak', 'dalem', 'permendikbud']",1,0.0
26,"['muhammad', 'thohir', 'contoh', 'kuhpnya', 'org', 'tubuh', 'org', 'suami', 'istri', 'pidana', 'zina', 'pidana', 'penjara', 'denda', 'katagori', 'ii', 'permendikbud', 'sentuh', 'usap', 'raba', 'pegang', 'peluk', 'cium', 'dn', 'gosok', 'tubuh', 'tubuh', 'korban', 'tuju', 'korban', 'buka', 'pakai', 'korban', 'tuju', 'korban', 'kuhp', 'nyata', 'gamblang', 'dn', 'ndak', 'ambigu', 'multitafsir', 'sex', 'bebas', 'larang', 'permendikbud', 'dapat', 'giat', 'seksual', 'tuju', 'korban', 'kayak', 'cium', 'dn', 'gesek', 'malu', 'syah', 'syah', 'klw', 'aq', 'implementasi', 'permendikbud', 'walau pun', 'bentrok', 'kuhp', 'salah', 'kuhp', 'permendikbudnya', 'ambigu', 'dn', 'revisi']",0,0.0
27,"['dmitrii', 'anak', 'hukum', 'tertawa', 'argumen', 'aq', 'kutip', 'salahsatu', 'pasal', 'kontroversial', 'pasal', 'ayat', 'keras', 'seksual', 'bagai mana', 'ayat', 'liput', 'sentuh', 'usap', 'raba', 'pegang', 'peluk', 'cium', 'dn', 'gosok', 'tubuh', 'tubuh', 'korban', 'tuju', 'korban', 'simpul', 'gamblang', 'permendikbud', 'no', 'kelompok', 'tindak', 'mnjdi', 'jenis', 'tindak', 'tuju', 'korban', 'dn', 'tindak', 'tuju', 'korban', 'apa bila', 'tindak', 'tuju', 'korban', 'keras', 'seksual', 'dn', 'apa bila', 'tindak', 'tuju', 'korban', 'ada', 'keras', 'seksual', 'permendikbud', 'no', 'samasekali', 'ndak', 'atur', 'tindak', 'tuju', 'korban', 'ndak', 'legal', 'dn', 'ndak', 'meng', 'ilegal', 'alias', 'ndak', 'atur', 'samasekali', 'anak', 'hukum', 'tertawa', 'argumen', 'aq', 'kutip', 'salahsatu', 'pasal', 'kontroversial', 'pasal', 'ayat', 'keras', 'seksual', 'bagai mana', 'ayat', 'liput', 'sentuh', 'usap', 'raba', 'pegang', 'peluk', 'cium', 'dn', 'gosok', 'tubuh', 'tubuh', 'korban', 'tuju', 'korban', 'simpul', 'gamblang', 'permendikbud', 'no', 'kelompok', 'tindak', 'mnjdi', 'jenis', 'tindak', 'tuju', 'korban', 'dn', 'tindak', 'tuju', 'korban', 'apa bila', 'tindak', 'tuju', 'korban', 'keras', 'seksual', 'dn', 'apa bila', 'tindak', 'tuju', 'korban', 'ada', 'keras', 'seksual', 'permendikbud', 'no', 'samasekali', 'ndak', 'atur', 'konsekwensi', 'tindak', 'tuju', 'korban', 'ndak', 'legal', 'ndak', 'ilegal', 'alias', 'ndak', 'atur', 'samasekali', 'argumentum', 'contrario', 'lu', 'pikir', 'tindak', 'tuju', 'korban', 'boleh', 'dalem', 'peemendikbud', 'no', 'simpul', 'elu', 'ga', 'dasar']",2,0.0
28,"['dewangga', 'putera', 'oke', 'aoa', 'frase', 'tuju', 'korban', 'frase', 'tsb', 'faham', 'atur', 'timbul', 'polemik', 'multitafsir', 'dn', 'kontradiksi', 'kuhp', 'a susila', 'bentrok', 'nama', 'korban', 'ndak', 'tuju', 'untk', 'leceh', 'literatur', 'bahasa', 'indonesia', 'korban', 'nama', 'frase', 'tuju', 'korban', 'ndak', 'dampak', 'oknum', 'manfaat', 'frase', 'tsb', 'alesanya', 'korban', 'kbbi', 'org', 'binatang', 'dn', 'mnjdi', 'derita', 'mati', 'dn', 'akibat', 'jadi', 'buat', 'jahat', 'dn']",1,0.0
29,"['aoa', 'ada', 'korban', 'tuju']",0,1.0
30,"['uu', 'dah', 'dn', 'mesti', 'menrisex', 'ndak', 'atur', 'timbul', 'gaduh', 'mknya', 'makul', 'moril', 'dn', 'agama', 'ttp', 'kasih', 'giat', 'agama', 'rohani', 'mlh', 'dihapuus']",0,0.0
31,"['kuad', 'iin', 'ok']",2,1.0
32,"['kuad', 'iin', 'plis', 'deh', 'jga', 'giat', 'agama', 'sekolah', 'dn', 'kampus', 'ttp', 'leceh', 'seksual']",1,0.0
33,"['gabriella', 'indah', 'charista', 'yeess', 'very', 'very', 'very', 'true']",2,1.0
34,"['aq', 'ttp', 'tuju', 'bang', 'blm', 'baca', 'atur', 'tpi', 'langsung', 'bacod', 'pada hal', 'permendikbud', 'udah', 'dijelasin', 'tuju', 'korban', 'bagai mana', 'ayat', 'huruf', 'huruf', 'huruf', 'huruf', 'huruf', 'dn', 'huruf', 'anggap', 'ndak', 'syah', 'dalem', 'korban', 'alami', 'situasi', 'mana', 'laku', 'ancam', 'paksa', 'dn', 'menyalahgunakan', 'duduk']",2,0.0
35,"['tuju', 'ndak', 'laku', 'apa bila', 'laku', 'ancam']",1,0.0
36,"['baca', 'dn', 'paham', 'konsep', 'consent', 'kayak', 'aoa', 'ga', 'dar', 'tuju', 'ga', 'tuju', 'mulut', 'baca', 'bacot']",2,1.0
37,"['dewan', 'permen', 'jk', 'moral', 'bejad', 'ttp', 'buuk', 'tp', 'jk', 'keluarga', 'tanam', 'moril', 'agama', 'rasa', 'bsa', 'kendali', 'agama', 'apa', 'larang', 'zina', 'jk', 'sampek', 'perkosa', 'mk', 'laku', 'hrs', 'lapor', 'polisi', 'ibuk', 'dewan', 'jk', 'alesanya', 'suka', 'suka', 'gimana', 'aoa']",2,0.0
38,"['vissi', 'miss', 'presiden', 'tri', 'jabar', 'dlm', 'bijak', 'shg', 'revolusi', 'mental', 'jokowi']",0,0.0
39,"['masalh', 'tuju', 'korban', 'hrs', 'ganti', 'hapus']",1,0.0
40,"['sempat', 'goreng', 'sampek', 'gosong', 'jokowi', 'jatuh']",0,1.0
41,"['klw', 'segalasesuatu', 'serah', 'ke pada', 'ahli', 'tunggu', 'kehancuranya']",1,2.0
42,"['host', 'las', 'ganti', 'bicara']",0,1.0
43,"['sentuh', 'haram', 'ikut', 'hukum', 'islam', 'allah', 'swt', 'atur', 'atur', 'hdp']",2,1.0
44,"['logika', 'rakyat', 'indonesia', 'larang', 'bawa', 'senjata', 'tajam', 'bawa', 'senjata', 'api']",0,1.0
45,"['enak', 'bgt', 'suka', 'suka', 'ga', 'masalh', 'maen', 'kampus']",1,1.0
46,"['pks', 'engkau', 'harap', 'rakyat', 'indonesia']",0,0.0
47,"['klw', 'suka', 'suka', 'wilayah', 'private', 'perkara', 'moril', 'individu', 'dn', 'didik', 'mora']",2,1.0
48,"['knp', 'tdk', 'terap', 'atur', 'zinah', 'dn', 'perkosa', 'entar', 'klw', 'atur', 'terap', 'olah', 'klw', 'izin', 'perempuan', 'inget', 'negara', 'panca sila', 'sila', 'tuhan', 'maha', 'esa', 'lo', 'perempuan', 'tuju', 'ga', 'tuju', 'blm', 'syah', 'pasang', 'mesti', 'ttp', 'larang', 'gimana', 'tri', 'agama', 'ngedukung', 'aoa', 'negara', 'negara', 'panca sila', 'sila', 'mna', 'terap', 'bae']",0,1.0
49,"['atur', 'laksana', 'atur', 'ta at', 'atur', 'ta at', 'syariat']",0,1.0
50,"['harus', 'tunggu', 'korban', 'simak', 'selesai', 'adil', 'bnr']",2,1.0
51,"['polemik', 'macem', 'timbul', 'gaduh', 'dn', 'onar']",1,0.0
52,"['pks', 'cman', 'gaduh', 'alih', 'isu', 'goodbener', 'jekartah', 'anggauta', 'par', 'tainya', 'masalah', 'formula', 'lg', 'usut', 'kpk']",1,0.0
53,"['bagai mana', 'sanak', 'keluarga', 'pks', 'mnjdi', 'korban', 'keras', 'seksual', 'aq', 'dukung', 'laku', 'dn', 'ndak', 'tuntut', 'laku']",2,0.0
54,"['hahaha', 'pks', 'waswas', 'klw', 'anggota', 'garuk', 'permen', 'dalih', 'macem']",0,0.0
55,"['lanjut', 'tri', 'permendikbudristek', 'robah', 'tunggu']",2,1.0
56,"['trgantung', 'anak', 'ortunya', 'penring', 'ortu', 'mndidik', 'anak', 'ahklak', 'utama', 'tr', 'bukti', 'kjadian', 'ortu', 'ketat', 'anak', 'trjerumus', 'byk', 'orrunya', 'anak', 'selamat', 'tr', 'hindar', 'pr', 'gaul', 'bbas', 'anak', 'cewe', 'alhamdulilah', 'tamat', 'kuliah', 'bidan', 'dua', 'trlepas', 'prgaulan', 'bebas', 'inti', 'nasip', 'rizqi', 'anak', 'buat', 'ortu', 'klw', 'aq', 'mnyikapi', 'jngan', 'kasih', 'makan', 'jlan', 'ndak', 'halal', 'aoa', 'koropsi', 'so', 'oasti', 'dampak', 'anak', 'jngan', 'salah', 'anak', 'renung', 'oke', 'ortu', 'ahklak', 'cari', 'jlanya', 'rizqi']",0,0.0
57,['beettuull'],2,2.0
58,"['miris', 'bgt', 'gas']",1,0.0
59,"['hukum', 'logika', 'tsb', 'bener', 'apa bila', 'undang', 'undang', 'atur', 'senjata', 'tajam', 'dn', 'ndak', 'atur', 'senjata', 'api', 'simpul', 'senjata', 'api', 'boleh', 'argumentum', 'contrario']",2,1.0
60,"['dewangga', 'putera', 'ndak', 'atur', 'advokasi', 'legal', 'bsa', 'hukum', 'lbh', 'luas', 'atur', 'inti', 'kait', 'legalitas', 'perzinahan', 'konsensual', 'kampus', 'terbit', 'permendikbud', 'ndak', 'legalisasi', 'illegalisasi']",2,1.0
61,"['muhammad', 'hashirama', 'ndak', 'atur', 'legal', 'coba', 'buka', 'google', 'baca', 'aoa', 'azas', 'legalitas', 'dalem', 'hukum', 'blm', 'atur', 'larang', 'buat', 'anggap', 'legal']",0,1.0
62,"['suka', 'suka', 'buat', 'jah', 'undang', 'dn', 'atur', 'klu', 'suka', 'suka', 'keras']",1,1.0
63,"['kuhp', 'org', 'tubuh', 'org', 'suami', 'istri', 'pidana', 'zina', 'pidana', 'penjara', 'denda', 'katagori', 'ii']",0,0.0
64,"['permendikbud', 'karna', 'banyak', 'lapor', 'jga', 'darurat', 'bikin', 'perendikbud', 'mnjdi', 'badan', 'hukum', 'keras', 'seksual', 'slama', 'blm', 'karna', 'realita', 'jadi', 'justeru', 'korban', 'slalu', 'rugika', 'dalem', 'lapor', 'karna', 'ndak', 'uu', 'lindung', 'leceh']",2,0.0
65,"['istri', 'anak', 'tuju', 'sy', 'gaul', 'keras', 'sexual', 'ndak']",0,0.0
66,"['ridwan', 'basuki', 'selingkuh', 'kena', 'pasal', 'kuhp', 'perkosa', 'kena', 'pasal', 'kuhp', 'prostitusi', 'kena', 'pasal', 'kuhp', 'giat', 'kayak', 'atur', 'dalem', 'permendikbud', 'dikti', 'pasal', 'jahat', 'blm', 'tentu', 'hukum', 'ndak', 'bsa', 'tuntut', 'aoa', 'muat', 'dalem', 'pasal', 'keras', 'seksual', 'verbal', 'keras', 'seksual', 'non', 'penetrasi', 'intip', 'body', 'shaming', 'tindak', 'grepe', 'grepe', 'dn', 'untk', 'permen', 'hadir', 'dalem', 'sebar', 'photo', 'vidio', 'pribadi', 'ijin', 'kerab', 'jadi', 'korban', 'pidana', 'dengar', 'pola', 'fikir', 'politikus', 'pks', 'golong', 'mesum']",0,0.0
67,"['ridwan', 'basuki', 'dalem', 'pasal', 'kuhp', 'bae', 'korban', 'laku', 'keras', 'seksual', 'pidana', 'giat', 'seksual', 'dasar', 'suka', 'suka', 'permendikbud', 'korban', 'ndak', 'kena', 'sanksi', 'hukum', 'laku']",0,0.0
68,"['breakpoint', 'tv', 'tdk', 'butuh', 'narasi', 'lebar', 'butuh', 'hapus', 'tuju', 'korban', 'titik', 'permendikbud', 'ok', 'kecuali', 'aoa', 'susah', 'hapus']",1,0.0
69,"['ridwan', 'basuki', 'tuju', 'sex', 'bebas', 'larang', 'perkosa', 'boleh', 'gitu']",0,0.0
70,"['ridwan', 'basuki', 'klw', 'hapus', 'beda', 'pasal', 'kuhp', 'aoa', 'ngapain', 'atur', 'klw']",1,0.0
71,"['breakpoint', 'tv', 'menrisex', 'anggar', 'bs', 'keluar', 'alesanya', 'hasil', 'teliti']",2,1.0
72,"['m', 'indra', 'knp', 'menrisex', 'payung', 'hukum', 'aoa', 'dah', 'gak', 'percaya', 'hukum', 'perkosa', 'hukum', 'sampek', 'kebiri', 'dn', 'makul', 'moril', 'dn', 'agama', 'kampus', 'mlh', 'hilang', 'jk', 'tuju', 'tuk', 'hindar', 'perkosa']",2,1.0
73,"['dri', 'pks', 'lacur', 'suka', 'suka', 'hukum', 'hrs', 'beda', 'org', 'ndak', 'suka', 'lacur', 'hukum', 'neraka', 'paksa', 'salah', 'korban', 'rugi', 'suka', 'suka', 'untung']",0,0.0
74,"['undang', 'undang', 'poligami', 'pks', 'tuju', 'duluan']",2,1.0
75,"['tujuaannya', 'untk', 'cegah', 'keras', 'seksual', 'mlh', 'goreng', 'legal', 'zina', 'otak', 'org', 'org', 'pks', 'bersih', 'usia', 'tumpul', 'otak', 'politis', 'pks', 'klw', 'dosen', 'jahat', 'kelamin', 'langsung', 'kebiri', 'rajam', 'dunia', 'didik', 'rendah', 'suara', 'rektor', 'jngan', 'lagak', 'dungu', 'dungu', 'tempel', 'nempelkan', 'anu', 'ngapain', 'nadim', 'ngurusin', 'begitu', 'pikir', 'bijak', 'untk', 'tingkat', 'mutu', 'guru', 'klw', 'urus', 'kasih', 'pks', 'pegang', 'pintu', 'syurga']",2,0.0
76,"['tuju', 'permendikbud', 'oke', 'poin', 'pasal', 'ayat', 'mnjdi', 'kontro', 'versi', 'dn', 'timbul', 'multi', 'tapsir', 'bsa', 'direfisi', 'direfisi']",0,0.0
77,"['merinding', 'dgr', 'sek', 'boleh', 'ank', 'gadis', 'moga', 'jauh', 'buat', 'gg', 'keji', 'dn', 'boga', 'hati', 'gg', 'putih', 'jga', 'allah', 'ank', 'perkosa', 'pacar', 'sampe', 'hamil', 'aoa', 'tdk', 'malu', 'malu', 'bertagung', 'jawap', 'cicip', 'eak', 'pacar', 'bendigan', 'putusin']",0,1.0
78,"['suka', 'suka', 'msh', 'bsa', 'paksa', 'anggap', 'suka', 'sngt', 'khawatir']",1,1.0
79,"['maksud', 'rancang', 'pasal', 'perkosa', 'isteri', 'rame', 'buka', 'zinah', 'logika', 'ttp', 'salah']",0,2.0
80,"['inti', 'klu', 'mui', 'larang', 'mk', 'permen', 'hrus', 'hpus']",1,0.0
81,"['nyata', 'hubung', 'seksual', 'non', 'konsensual', 'ndak', 'ndak', 'bsa', 'rubah', 'mnjdi', 'hubung', 'seksual', 'konsensual', 'nyata', 'invalid', 'gue', 'membuktikanya', 'tabel', 'benar', 'hubung', 'seksual', 'konsensual', 'dn', 'kayak', 'baca', 'hubung', 'seksual', 'non', 'konsensual', 'ndak', 'hubung', 'seksual', 'konsensual', 'mari', 'tabel', 'benar', 'catat', 'proposisi', 'bnr', 'proposisi', 'salah', 'dasar', 'tabel', 'benar', 'dpt', 'lihat', 'baris', 'tabel', 'benar', 'dn', 'bnr', 'baris', 'dn', 'syg', 'baris', 'salah', 'nyata', 'bnr', 'konklusi', 'ambil', 'salah', 'dpt', 'simpul', 'nyata', 'hubung', 'seksual', 'non', 'konsensual', 'ndak', 'hubung', 'seksual', 'konsensual', 'nyata', 'invalid']",0,1.0
82,"['partai', 'keras', 'seksual']",0,2.0
83,"['pks', 'tolak', 'atur', 'bnr', 'lanjut']",2,1.0
84,"['do a', 'rakyat', 'indonesia', 'moga', 'libat', 'dalem', 'atur', 'setan', 'alami', 'anak', 'isteri', 'selingkuh', 'hamil', 'org', 'dasar', 'atur', 'perintah', 'legal', 'allah', 'perintah', 'jokowi', 'hina', 'aamiin']",0,0.0
85,"['sllu', 'main', 'tafsir']",0,1.0
86,"['kesan', 'publik', 'bsa', 'timbul', 'polemik', 'bsa', 'timbul', 'prasangka', 'tuk', 'alih', 'isu', 'sdg', 'rame']",0,0.0
87,"['hancur', 'moral', 'zinah', 'legal']",1,1.0
88,"['abai', 'pks']",0,0.0
89,"['assalamualaikum', 'apologize', 'permendikbudristek', 'no', 'ditandatangani', 'mendikbudristek', 'frase', 'tuju', 'korban', 'dalem', 'pasal', 'apologize', 'anda', 'mahasiswa', 'cium', 'mahasiswi', 'tutup', 'kampus', 'mahasiswi', 'tsb', 'tuju', 'buat', 'tau', 'aoa', 'buat', 'langgar', 'tindak', 'lanjut', 'permendikbudristek', 'no']",0,0.0
90,"['muaantaabb', 'skrng', 'maen', 'kampus', 'aman', 'sis', 'slama', 'lw', 'pade', 'nga', 'ngas', 'langsung', 'gaass', 'bwahahaha']",1,1.0
91,"['inget', 'mas', 'tri', 'atur', 'hrs', 'hati', 'hati', 'kuatir', 'jk', 'atur', 'tentang', 'atur', 'allah', 'mk', 'tuai', 'adzab', 'dunia', 'akhirat']",0,1.0
92,"['klw', 'fihak', 'tuju', 'giat', 'esek', 'keras', 'paksa', 'seksual', 'klw', 'brenti', 'situ', 'ga', 'tolak', 'pzinaan', 'paksa', 'zina', 'tuju', 'fihak', 'ga', 'cegah', 'zinah', 'tentang']",0,0.0
93,"['dlm', 'tuju', 'cegah', 'dn', 'fisi', 'ttg', 'keras', 'seksual', 'gak', 'salah', 'ayat', 'tafsir', 'gak', 'tempat', 'dlm', 'permendikbud']",0,0.0
94,"['ambigu', 'sex', 'bebas', 'suka', 'suka', 'ndak', 'mnjdi', 'korban']",0,0.0
95,"['bagus', 'baik', 'salah']",0,1.0
96,"['do a', 'mu', 'jahat', 'rakyat', 'indonesia']",0,0.0
97,"['ummu', 'nayla', 'pasal', 'boleh', 'sex', 'suka', 'suka', 'permebdikbud', 'atur', 'keras', 'seksual', 'ndak', 'legal', 'perzinahan', 'justeru', 'lindung', 'perempuan', 'jahat', 'seksual', 'dosen', 'guru', 'ustadz', 'senior', 'dll', 'lingkung', 'didik', 'pake', 'logika', 'jngan', 'benci', 'buta', 'mata']",2,1.0
98,"['gabriella', 'indah', 'charista', 'dukung', 'atur', 'setan', 'jga', 'dalem', 'do a', 'umat', 'islam']",1,1.0
99,"['ummu', 'nayla', 'wkwkkw', 'deh']",0,2.0
100,"['no', 'lg', 'marak', 'kepo', 'knp', 'tentang', 'bngt', 'coba', 'terap', 'kena', 'tangkap']",0,0.0
101,"['m', 'indra', 'menrisek', 'permen', 'anehny', 'mesti', 'permen', 'didik', 'nasional', 'lbh', 'maju', 'dn', 'cerdas', 'bsa', 'rata', 'wilayah', 'indonesia']",1,1.0
102,"['ndak', 'legal', 'permendikbudristek', 'ranah', 'untk', 'tangan', 'tindak', 'a susila', 'keras', 'seksual', 'klw', 'a susila', 'tuju', 'belah', 'fihak', 'dn', 'atur', 'dpt', 'tangan']",2,0.0
103,"['julidz', 'atur', 'tahu', 'aq', 'zinah', 'bsa', 'hukum', 'indonesia', 'salah', 'laku', 'ikat', 'kawin', 'org', 'gak', 'laku', 'dua', 'single', 'delik', 'adu', 'bsa', 'proses', 'lbh', 'adu', 'suami', 'isteri', 'alias', 'pasang', 'syah', 'salah', 'laku', 'kayak', 'tera', 'pasal', 'kuhp']",0,2.0
104,"['julidz', 'rancang', 'uu', 'kuhp', 'luas', 'atur', 'zinah', 'tpi', 'bentuk', 'ruu', 'tahu', 'aq', 'kuhp', 'pasal', 'aq', 'temen', 'temen', 'sekulib', 'jngan', 'protes', 'ruu', 'cpt', 'sahkan', 'atur', 'permendikbud', 'uu', 'gak', 'ribut', 'ama', 'kaum', 'kons', 'kaum', 'islamis', 'gak', 'capek', 'ribut', 'mulu']",2,1.0
105,"['akhsan', 'andi', 'udah', 'bang', 'pasal', 'zina', 'bsa', 'ikat', 'prostitusi', 'lap', 'lindung', 'anak', 'korbanya', 'mas', 'bawah', 'umur', 'nasional', 'single', 'blm', 'tp', 'propinsi', 'kota', 'udah', 'hukumanya', 'denda', 'penjara', 'gw', 'uu', 'nanangin', 'tindak', 'a susila', 'zinah', 'uu', 'nangin', 'keras', 'seksual', 'mana', 'korban', 'dalem', 'paksa', 'byk', 'mikir', 'legalin', 'zinah', 'pada hal', 'konteks', 'beda', 'dn', 'gw', 'knp', 'uu', 'zinah', 'gabisa', 'single', 'agama', 'blm', 'larang', 'tau', 'gw', 'ngelarang', 'zinah', 'atur', 'agama', 'islam', 'maksud', 'ketentuanya', 'islam', 'tp', 'gatau', 'agama', 'ngelarang', 'tp', 'beda', 'konsep']",2,0.0
106,"['akhsan', 'andi', 'iya', 'nasional', 'ruu', 'tp', 'atur', 'propinsi', 'kota', 'udah', 'ambil', 'contoh', 'tangsel', 'kota', 'gw', 'ga', 'salah', 'kena', 'denda', 'juta', 'tau', 'a susila', 'kamar', 'bsa', 'jga', 'penjara', 'ulang', 'kali', 'dn', 'surat', 'perjanjianya']",0,0.0
107,"['iya', 'gantung', 'daerah', 'atur', 'ndak', 'tindak', 'a susila', 'gak', 'daerah', 'atur', 'walau pun', 'daerah', 'mayoritas', 'muslim', 'tahu', 'aq', 'ralat', 'aq', 'salah', 'dn', 'permendikbud', 'islamis', 'tuju', 'keras', 'seksual', 'buat', 'ndak', 'bsa', 'benar', 'dn', 'maksud', 'permendikbud', 'bae', 'tpi', 'masalh', 'celah', 'permendikbud', 'bsa', 'manfaat', 'org', 'apologize', 'apologize', 'contoh', 'ayam', 'kampus', 'legal', 'standing']",2,1.0
108,"['tpi', 'udahlah', 'aq', 'gak', 'debatin', 'karna', 'gak', 'ngubah', 'posisi', 'belah', 'fihak', 'aq', 'liat', 'twitter', 'uji', 'materi', 'permendikbud', 'ma', 'liat', 'depan', 'gimana']",0,2.0
109,"['akai', 'ondom', 'elalu']",0,2.0
110,"['nggak', 'bsa', 'tindak', 'pemendikbud', 'no', 'tp', 'bsa', 'tindak', 'ruu', 'kuhp', 'pasal']",2,0.0
111,"['sus', 'tri', 'andarwati', 'mekanisme', 'hukum', 'payung', 'hukum', 'gk', 'klw', 'jerat', 'laku', 'tindak', 'a susila']",0,1.0
112,"['julidz', 'udah', 'sebut', 'ruu', 'kuhp', 'pasal']",0,0.0
113,"['sus', 'tri', 'andarwati', 'tpi', 'itu', 'rancang', 'bu', 'blm', 'syah', 'suruh', 'teman', 'teman', 'sekulib', 'jngan', 'protes', 'ruu', 'kuhp', 'ruu', 'cpt', 'syah', 'dn', 'muncul', 'atur', 'atur', 'permendikbud', 'gak', 'muncul', 'polemik', 'kaum', 'sekulib', 'dn', 'kaum', 'islamis']",2,1.0
114,"['akhsan', 'andi', 'temen', 'aq']",0,2.0
115,"['sus', 'tri', 'andarwati', 'oh', 'gak', 'temen', 'temen', 'sekulib', 'oke', 'bu', 'rkuhp', 'jalan', 'karna', 'tekan', 'org', 'org', 'kayak']",0,2.0
116,"['akhsan', 'andi', 'sekulib', 'ruu', 'kuhp', 'aju', 'perintah', 'jga', 'perintah', 'jga', 'lindung', 'warga', 'negara', 'buat', 'zinah', 'mendikbud', 'dukung', 'perintah', 'nama', 'jga', 'bantu', 'presiden', 'ga', 'klausal', 'mendikbud', 'legal', 'zinah']",2,1.0
117,"['sus', 'tri', 'andarwati', 'nama', 'rkuhp', 'blm', 'sahkan', 'gak', 'bsa', 'ikat', 'komentar', 'olah', 'rkuhp', 'pasal', 'udah', 'bsa', 'jerat', 'laku', 'perzinahan', 'ikat', 'kawin', 'tpi', 'single', 'jga']",0,1.0
118,"['akhsan', 'andi', 'ttp', 'ndak', 'rubah', 'nyata', 'perintah', 'aju', 'dn', 'usaha', 'untk', 'dpt', 'selesai', 'kuhpnya', 'perintah', 'usaha', 'melundungi', 'warga', 'negara', 'buat', 'zinah', 'trus', 'aoa', 'hubung', 'permendikbud', 'legal', 'zinah', 'emang', 'permendikbud', 'zinah', 'larang', 'aoa', 'uu', 'larang', 'zinah', 'syah', 'permendikbud']",0,0.0
119,"['sus', 'tri', 'andarwati', 'tpi', 'uu', 'ikat', 'salah', 'laku', 'ikat', 'kawin', 'delik', 'adu', 'bsa', 'proses', 'pasang', 'syah', 'salah', 'laku', 'ngadu']",0,0.0
120,"['sus', 'tri', 'andarwati', 'emang', 'perintah', 'tpi', 'ruu', 'mangkrak', 'alias', 'blm', 'sahkan', 'blm', 'payung', 'hukum', 'tindak', 'laku', 'perzinahan', 'luas', 'permendikbud', 'emang', 'bener', 'gak', 'zinah', 'sex', 'bebas', 'tpi', 'protes', 'kaum', 'islamis', 'frase', 'tuju']",0,1.0
121,"['sus', 'tri', 'andarwati', 'permendikbud', 'revisi', 'jga', 'kaum', 'islamis', 'lbh', 'legowo', 'permendikbud']",1,2.0
122,"['akhsan', 'andi', 'halah', 'ga', 'solusiable', 'spk', 'agamais', 'tp', 'diem', 'leceh', 'pesantren', 'didik', 'sampe', 'keluarga', 'lu', 'kena', 'lu', 'nikahin', 'laku', 'leceh', 'keluarga', 'lu', 'jd', 'korban', 'maklum', 'pikir', 'tinggal', 'bobrok']",0,0.0
123,"['raja', 'bla', 'bla', 'bla', 'mucho', 'texto', 'gitu', 'nikmatin', 'seteru', 'wkwkwkwk']",0,0.0
124,"['akhsan', 'andi', 'menrisex', 'permen', 'laku', 'dunia', 'didik', 'aoa']",0,1.0
125,"['ente', 'ngomong', 'aoa', 'ente', 'nanya', 'nyata']",0,1.0
126,"['akhsan', 'andi', 'knp', 'frase', 'tuju', 'udah', 'tuju', 'leceh', 'lha']",2,1.0
127,"['aduh', 'udah', 'males', 'aq', 'bahas', 'komen', 'aq', 'bales']",0,0.0
128,"['hehehe', 'penting', 'tuju', 'tuju']",2,1.0
129,"['mslh', 'prbuatan', 'zinah', 'kn', 'dah', 'aturanny', 'sndri', 'kuhp', 'hukum', 'agama', 'msing', 'lu', 'komen', 'kyak', 'bocah', 'paud', 'dah', 'gede', 'tp', 'bloon']",0,0.0
130,"['wonggemblung', 'neng', 'yee', 'udeh', 'bebas', 'maen', 'kampus', 'hemat', 'ga', 'hotel', 'lindung', 'negara', 'bwahahaahah']",0,1.0
131,"['rush', 'day', 'gni', 'toge', 'dksih', 'otak', 'trs', 'maen', 'hp', 'goblokny', 'natural']",0,1.0
132,"['juli', 'yaelah', 'cuan', 'byk', 'tukang', 'ecer', 'kond', 'kampus', 'gas', 'langsung', 'stock', 'banyakin', 'ahahaaha']",0,0.0
133,"['rush', 'day', 'trnyta', 'drone', 'kelas', 'paud', 'ngoceh']",0,0.0
134,"['setujuuj', 'dn', 'pakek', 'pakean', 'pantai', 'lbh', 'joos', 'broow']",2,1.0
135,"['juli', 'kadrun', 'cerdas', 'meggunakan', 'akal', 'sehat', 'gak', 'permen', 'nyuri', 'sempat', 'permen', 'lbh', 'berani', 'manusia', 'moral', 'berahlaq', 'dn', 'ta at', 'agama', 'gak', 'ayo', 'ikut', 'perintah', 'agama', 'dn', 'tinggal', 'larang', 'agama', 'broow']",0,0.0
136,"['atur', 'allah', 'langgar', 'laku', 'keras', 'seksual', 'keras', 'seksual', 'atur', 'manusia']",0,1.0
137,"['senjata', 'beda', 'mas', 'senjata', 'untk', 'berantas', 'kuhp', 'bahas', 'tindak', 'a susila']",0,0.0
138,"['nila', 'titik', 'rusak', 'susu', 'belanga', 'pasal', 'revisi', 'liberal', 'halal', 'penzinahan']",1,0.0
139,"['nadiem', 'kurikulum', 'didik', 'tambah', 'ajar', 'sex', 'bebas', 'dn', 'rayu', 'lacur', 'hukum', 'negara', 'hr', 'mjd', 'korban', 'atur', 'atur']",0,1.0
140,"['aoa', 'rasuk']",0,1.0
141,"['turuut', 'menyimaak']",0,2.0
142,"['revisi', 'gus', 'dur', 'gitu', 'repot']",1,0.0
143,"['muhammadiyah', 'ikadi', 'mui', 'prof', 'cholis', 'naf', 'tolak', 'dn', 'suruh', 'cabut', 'permendikbudristek', 'no', 'th', 'nu', 'suara', 'oh', 'iya', 'wakil', 'prof', 'cholil', 'naf']",1,0.0
144,"['pks', 'uu', 'poligami', 'blm', 'turun']",0,1.0
145,"['negara', 'bsa', 'truskan', 'anak', 'hasil', 'zinah', 'bagus', 'dimcok']",0,1.0
146,"['kalang', 'guru', 'gak', 'nolak', 'dn', 'org', 'zina', 'atur', 'tri']",2,1.0
147,"['cecep', 'bicara']",0,2.0
148,"['klu', 'selangkang', 'pks', 'cpt', 'tangap']",0,2.0
149,"['klw', 'pks', 'kritik', 'permen', 'bnr', 'lanjut', 'mas', 'tri']",2,0.0
150,"['inget', 'anggauta', 'pks', 'nonton', 'bokep', 'ruang', 'sidang', 'bwahaha', 'pks', 'bela', 'keras', 'rem', 'mprett', 'urusin', 'kader', 'kampanye', 'poligami', 'nggak', 'perempuan', 'dpt', 'terima', 'poligami', 'diskusi', 'cari', 'sensasi', 'jalan', 'uunya', 'cpt', 'tindak', 'jalan', 'amat', 'dn', 'revisi', 'kakehan', 'ngoceh']",1,0.0
151,"['legal', 'zinah', 'jepang', 'kali']",0,2.0
152,"['spt', 'justeru', 'byk', 'aborsi', 'efek', 'hamil', 'luar', 'nikah']",0,0.0
153,"['atur', 'bnr', 'dn', 'keras', 'seksual', 'hrs', 'lawan', 'dn', 'dibrantas']",2,1.0
154,"['tanda', 'jaman', 'naudzubillah']",0,0.0
155,"['innalilahi', 'wa', 'inalilahi', 'rooji', 'uun']",0,2.0
156,"['moga', 'oenggagas', 'uu', 'anak', 'istri', 'korban', 'dn', 'plaku', 'zinah', 'dn', 'sek', 'bbas', 'aamiin']",1,0.0
157,"['ndak', 'mas', 'mah', 'beda', 'dn', 'beda', 'senjata', 'klw', 'masalh', 'keras', 'seksual', 'lingkung', 'kampus', 'bsa', 'tembak', 'pake', 'permendikbudristek', 'klw', 'ngomongin', 'tindak', 'seksual', 'tuju', 'belah', 'fihak', 'kampus', 'tindak', 'a susila', 'bsa', 'pakek', 'atur', 'atur', 'kampus', 'atur', 'larang', 'tindak', 'a susila', 'kampus', 'kode', 'etik', 'dosen', 'missal', 'laku', 'dosen', 'jga', 'kuhp', 'senjata', 'hrs', 'sesuai', 'permendikbudristek', 'gk', 'bsa', 'tindak', 'laku', 'a susila', 'ranah', 'mekanisme', 'hukum', 'patok', 'klw', 'gitu', 'nangkepnya', 'bincang', 'jngan', 'bahas', 'luar', 'konteks']",2,0.0
158,"['korban', 'ancam', 'ngomong', 'dasar', 'suka', 'suka', 'trus', 'penjara', 'korban']",0,0.0
159,"['kurng', 'bsa', 'usul']",0,1.0
160,"['kyk', 'ruu', 'pks', 'revisi', 'nunggu', 'korban', 'tambah', 'sampe', 'byk', 'selese']",0,2.0
161,"['rifki', 'fauzi', 'iya', 'gilir', 'ngusulin', 'ruu', 'mlh', 'kritisi']",0,2.0
162,['benaar'],0,2.0
163,"['urus', 'ginian', 'pks', 'ga', 'nyampe', 'nalar', 'hahha', 'oposisi', 'payah', 'mlh', 'lot']",0,0.0
164,['tuju'],2,1.0
165,"['ahirnya', 'indonesia', 'bsa', 'maju', 'kaya', 'jepang', 'ga', 'terus', 'islamabad', 'belakang']",0,1.0
166,"['riza', 'kun', 'kena', 'azab']",0,0.0
167,"['xmbelgedesh', 'mitos', 'gaung', 'kelompok', 'pondasi', 'khayal', 'bnr', 'dn', 'teori', 'liat', 'bukti', 'banding', 'negara', 'negara']",0,0.0
168,"['riza', 'kun', 'paham', 'panca sila', 'jgn', 'buka', 'blue', 'next', 'silah', 'pimpin', 'dn', 'kawan', 'knp', 'lbh', 'dahulu', 'materi', 'drpd', 'pondasi']",0,1.0
169,"['xmbelgedesh', 'ga', 'faham', 'panca sila', 'mana', 'kadrun', 'make', 'argumen', 'tuhan', 'atur', 'hukum', 'agama', 'mnjdi', 'hukum', 'praktis', 'idiologi', 'hukum', 'syariat', 'kaya', 'arab', 'panca sila', 'kaya', 'indonesia', 'klw', 'iya', 'panca sila', 'bank', 'konvensional', 'ilegal', 'jga', 'qur', 'riba', 'haram', 'injil', 'jga', 'ursury', 'haram', 'tetep', 'ga', 'ilegal', 'idiologi', 'demokrasi', 'agama', 'dn', 'dosa', 'urus', 'urus', 'negara', 'meng', 'ilegal', 'negara', 'demokrasi', 'syariat', 'panca sila', 'demokrasi', 'syariat', 'moga', 'ngerti', 'drun']",0,1.0
170,"['pasal', 'dpt', 'sebab', 'aborsi', 'org', 'permendikbud', 'cegah', 'dn', 'tangan', 'keras', 'seksual', 'giring', 'legal', 'zinah']",0,0.0
171,"['zinah', 'legal', 'tanda', 'hr', 'kiamat']",0,0.0
172,"['klw', 'nnti', 'hamll', 'dluaar', 'nikaah', 'buru', 'nikaah', 'siri', 'ikut', 'celeng', 'nyari', 'benar', 'bela', 'pkoknya', 'kitaa', 'ikut', 'fatwa', 'partai', 'lurus', 'dn', 'wakl', 'ketua', 'mui', 'uu', 'llos', 'krna', 'mreka', 'mrasa', 'kuat', 'dn', 'bkuasa', 'silaahkan', 'apadaya', 'rakyt', 'tp', 'sbg', 'rakyt', 'hak', 'jga', 'bdoa', 'jikaa', 'bnar', 'ituu', 'smogaa', 'anak', 'cucu', 'isteri', 'mreka', 'laku', 'dn', 'korban', 'sek', 'bbas', 'hamil', 'brulang', 'dluar', 'nikah', 'ga', 'jlas', 'mnghamili', 'dn', 'isteri', 'mreka', 'ga', 'malu', 'mlakukan', 'sek', 'bbas', 'ddpan', 'mreka', 'skalipun', 'nnti', 'patuh', 'uu']",0,0.0
173,"['dewi', 'sriyati', 'ngedongeng', 'aoa', 'bu', 'kyknya', 'gk', 'faham', 'aoa', 'bahas', 'tau', 'teriak', 'aoa', 'dukung', 'lgi', 'teriakin', 'gak', 'faham', 'aoa', 'substansi', 'bicara', 'ckckck']",0,1.0
174,"['dewi', 'sriyati', 'kasi', 'kalah', 'debat', 'nyerang', 'personal', 'paham', 'jgn', 'lgsg', 'makan', 'berita', 'goreng']",0,0.0
175,"['gak', 'lha', 'aborsi', 'udah', 'uu', 'khusus', 'larang', 'kecuali', 'rekomendasi', 'dokter']",2,0.0
176,"['logika', 'liar', 'klw', 'aq', 'ga', 'sex', 'bebas', 'ga', 'moril', 'nyalahin', 'permen']",0,0.0
177,"['aq', 'dukung', 'sepenuh', 'syarat', 'frase', 'tuju', 'korban', 'hapus', 'permendikbud', 'bentrok', 'atur', 'undang', 'a susila', 'ndak', 'bsa', 'nama', 'korban', 'klw', 'korban', 'tuju', 'laku', 'keras', 'seksual', 'suka', 'suka', 'ndak', 'masalh', 'sex', 'bebas', 'legal', 'permendikbud', 'tsb', 'tpi', 'kontra', 'uu', 'a susila', 'situ', 'masalah']",2,0.0
178,"['keras', 'lembut', 'blm', 'syah', 'ttp', 'hrs', 'cegah', 'inget', 'sila', 'tuhan', 'maha', 'esa', 'atur', 'agama', 'lbh', 'utama']",0,1.0
179,"['dian', 'chanel', 'agama', 'aoa']",0,0.0
180,"['wafat', 'nabi', 'muhammad', 'kategori', 'jaman', 'nabi', 'wafat', 'dn', 'depan', 'msk', 'jaman']",2,1.0
181,"['lho', 'memang', 'dukung', 'laku', 'keras', 'seksual', 'nyata', 'ndak', 'salah', 'gitu']",2,1.0
182,"['kalimat', 'tunjuk', 'zinah', 'legal', 'permendikbud', 'bu']",0,0.0
183,['aamiin'],2,1.0
184,"['nyumpahin', 'gin', 'org', 'ngucap']",0,2.0
185,"['muhammad', 'dzulfiqar', 'ok', 'anggap', 'permendikbudristek', 'no', 'gak', 'legal', 'zinah', 'dn', 'jga', 'permendikbud', 'no', 'ditandatangani', 'mendikbudristek', 'apologize', 'anda', 'mahasiswa', 'cium', 'mahasiswi', 'tutup', 'kampus', 'mahasiswi', 'tsb', 'tuju', 'buat', 'tau', 'aoa', 'buat', 'dalem', 'langgar', 'dpt', 'tindak', 'lanjut', 'permendikbudristek', 'no']",0,1.0
186,"['muhammad', 'farhan', 'atur', 'cegah', 'dn', 'tangan', 'keras', 'seksual', 'atur', 'tindak', 'a susila', 'kampus', 'beda', 'ndak', 'tuju', 'mnjdi', 'korban', 'hukum', 'jga', 'karna', 'tindak', 'tsb', 'a susila', 'larang', 'tuju', 'hapus', 'mnjdi', 'korban', 'tindak', 'keras', 'seksual', 'dpt', 'hukum', 'bae', 'diamenyetujui', 'ndak', 'tindak', 'tsb', 'ndak', 'lindung', 'ke pada', 'mnjdi', 'korban', 'karna', 'dpt', 'hukum', 'karna', 'tindak', 'a susila', 'larang', 'ndak', 'korban', 'keras', 'seksual', 'fihak', 'libat', 'dalem', 'tindak', 'a susila', 'bae', 'tuju', 'buat', 'tsb', 'atau pun', 'korban', 'paksa', 'hukum', 'mnjdi', 'laku', 'keras', 'seksual']",1,0.0
187,"['assalamualaikum', 'muhammad', 'dzulfiqar', 'aq', 'permendikbudristek', 'no', 'permen', 'tangan', 'cegah', 'seksual', 'apologize', 'permendikbud', 'no', 'frase', 'tuju', 'korban', 'dalem', 'pasal', 'apa bila', 'mahasiswa', 'cium', 'bibir', 'mahasiswi', 'pacar', 'gosok', 'kelamin', 'mahasiswi', 'pacar', 'tutup', 'kampus', 'mahasiswi', 'pacar', 'tuju', 'buat', 'tau', 'langgar', 'gak', 'dpt', 'ditindaklanjuti', 'mahasiswi', 'pacar', 'tuju', 'permendikbudristek', 'no', 'beda', 'mahasiswi', 'pacar', 'gak', 'tuju', 'langgar', 'dpt', 'tindak', 'lanjut', 'permendikbudristek', 'no', 'apologize', 'jahat', 'keras', 'seksual', 'akibat', 'hubung', 'buat', 'giat', 'tindak', 'seksual', 'tentang', 'nilai', 'norma', 'nilai', 'norma', 'agama', 'akar', 'masalh', 'keras', 'jahat', 'seksual', 'trmksh', 'wassalamu', 'alaikum']",2,1.0
188,"['muhammad', 'farhan', 'permnedikbudristek', 'aq', 'ulang', 'fokus', 'tangan', 'dn', 'cegah', 'keras', 'seksual', 'latar', 'banyak', 'keras', 'seksual', 'ahirnya', 'selesai', 'dn', 'adil', 'korban', 'keras', 'seksual', 'kampus', 'byk', 'penyelesaina', 'dn', 'lindung', 'korban', 'permendikbudristek', 'tsb', 'dpt', 'bantu', 'selesai', 'masalh', 'keras', 'seksual', 'kampus', 'studi', 'tsb', 'tindak', 'keras', 'seksual', 'tindak', 'a susila', 'bicara', 'keras', 'korban', 'korban', 'org', 'rugi', 'dn', 'laku', 'sebab', 'rugi', 'tuju', 'tindak', 'tsb', 'korban', 'dn', 'laku', 'tindak', 'a susila', 'kampus', 'aq', 'kode', 'etik', 'kampus', 'kait', 'tindak', 'a susila', 'dn', 'kuhp', 'dn', 'uu', 'lindung', 'anak', 'cerita', 'permendikbudristek', 'no', 'tuju', 'atur', 'tindak', 'a susila', 'lingkung', 'kampus', 'beda', 'mana', 'letak', 'legal', 'zinah', 'atur']",2,1.0
189,"['assalamualaikum', 'muhammad', 'dzulfiqar', 'apologize', 'ruu', 'kuhp', 'zinah', 'blm', 'syah', 'apologize', 'saudara', 'anda', 'mahasiswa', 'cium', 'bibir', 'mahasiswi', 'pacar', 'gosok', 'kelamin', 'tubuh', 'mahasiswi', 'pacar', 'tutup', 'kampus', 'mahasiswi', 'pacar', 'tuju', 'tau', 'aoa', 'buat', 'mahasiswa', 'tsb', 'langgar', 'dpt', 'tindak', 'lanjut', 'permendikbudristek', 'no', 'apologize', 'saudara', 'ruu', 'kuhp', 'perzinahan', 'blm', 'syah']",0,0.0
190,"['muhammad', 'farhan', 'permendikbudristek', 'atur', 'tangan', 'dn', 'cegah', 'keras', 'seksual', 'kampus', 'atur', 'tindak', 'a susila', 'kampus', 'lahir', 'latar', 'aq', 'atas', 'studi', 'aq', 'pandang', 'aq', 'atas', 'blm', 'atur', 'tindak', 'a susila', 'indonesia', 'permendikbudristek', 'jga', 'ndak', 'legal', 'zinah']",2,1.0
191,"['assalamualaikum', 'muhammad', 'dzulfiqar', 'apologize', 'apa bila', 'mahasiswa', 'cium', 'bibir', 'mahasiswi', 'tutup', 'tuju', 'org', 'kait', 'kampus', 'aoa', 'buat', 'mahasiswa', 'tsb', 'langgar', 'dpt', 'tindak', 'lanjut', 'permendikbudristek', 'no', 'apologize', 'aq', 'bicara', 'permendikbud', 'no', 'atur', 'trmksh', 'wassalamu', 'alaikum']",0,1.0
192,"['assalamualaikum', 'kodill', 'chanell', 'apologize', 'apa bila', 'mahasiswa', 'cium', 'bibir', 'mahasiswi', 'tutup', 'tuju', 'org', 'kait', 'kampus', 'aoa', 'buat', 'mahasiswa', 'tsb', 'langgar', 'dpt', 'tindak', 'lanjut', 'permendikbudristek', 'no', 'apologize', 'aq', 'bicara', 'permendikbud', 'no', 'atur', 'trmksh', 'wassalamu', 'alaikum']",2,1.0
193,"['muhammad', 'farhan', 'studi', 'aq', 'sebelumya', 'trmksh']",2,1.0
194,"['bingung', 'faham', 'syariat', 'risikoberikhtilath']",0,2.0
195,"['minggu', 'gue', 'sholat', 'jum at', 'imam', 'khotbah', 'kaya', 'tabayun', 'baca', 'bener', 'baca', 'blm', 'udah', 'main', 'klaim', 'permendikbudristek', 'legal', 'zinah', 'hadeh', 'nyesel', 'gue', 'jumat']",1,1.0
196,"['mengmangtap', 'kentu']",0,2.0
197,['ahirnya'],0,2.0
198,"['pola', 'pikir', 'sempit', 'sex', 'bebas', 'budaya', 'open', 'bo', 'kalang', 'mahasiswi', 'byk', 'byk', 'temen', 'ane', 'ayam', 'kampus', 'kampus', 'uin', 'pagi', 'kerudung', 'malam', 'buka', 'warung']",1,0.0
199,"['debat', 'konyol', 'tuju', 'cegah', 'keras', 'seksual', 'keras', 'seksual', 'hoi', 'ga', 'klw', 'ngomong', 'masalh', 'sex', 'bebas', 'tinggal', 'atur', 'kode', 'etik', 'guru', 'sanksi', 'duh', 'alesanya', 'tolak', 'dengar', 'goblog']",2,2.0
200,"['sak', 'karepmu']",0,2.0
201,"['legal', 'zinah', 'cari', 'cari', 'selangkang', 'mulu']",1,0.0
202,"['permen', 'legal', 'sex', 'bebas', 'fix', 'orng', 'males', 'baca', 'dn', 'kalau pun', 'baca', 'sesuai', 'napsu', 'mreka']",1,0.0
203,"['pasang', 'ingat', 'larang', 'kencing', 'dianggep', 'bab', 'logika', 'whyyposisi']",1,0.0
204,"['buset', 'suara', 'fattah', 'wnf', 'nyampe', 'jga', 'euy']",0,1.0
205,"['cadel', 'geli']",0,0.0
206,"['mui', 'bsa', 'nolak', 'ngritik', 'byk', 'homo', 'cabul', 'pondok', 'kdrt', 'perkosa', 'dll', 'mui', 'sampe', 'skrng', 'ayem', 'ga', 'nerbitin', 'fatwa', 'atur', 'gilir', 'yng', 'duli', 'mlh', 'ban', 'mentah']",1,0.0
207,"['gin', 'pasal', 'acc', 'ustad', 'habib', 'mesum', 'bsa', 'aoa']",1,0.0
208,"['anggauta', 'permendikbud', 'otak', 'ngeres']",1,1.0
209,"['aq', 'kampus', 'samping', 'org', 'pacar', 'aoa', 'hrs', 'aq', 'lapor', 'org', 'melakukkan', 'giat', 'zinah', 'kampus']",0,2.0
210,"['biasa', 'indonesia', 'gak', 'bsa', 'faham', 'konteks']",1,1.0
211,"['hamil', 'nangiss']",1,0.0
212,['min'],0,2.0
213,"['seringkali', 'org', 'salah', 'fokus', 'aoa', 'tetap', 'perintah', 'bnr', 'bnr', 'salah', 'fahaman', 'intrik', 'politik', 'untk', 'jatuh', 'dn', 'kesan', 'burukk', 'politis', 'tokoh', 'publik', 'apa', 'usaha', 'untk', 'obyektif', 'nilai', 'dn', 'paham', 'maju', 'bangsa', 'untk', 'unjuk', 'identitas', 'hrs', 'dengar']",1,1.0
214,"['justeru', 'adana', 'permen', 'lindung', 'korban', 'untk', 'ndak', 'leceh', 'seksual', 'lindung', 'hukum', 'udah', 'garis', 'garis', 'kait', 'tindak', 'aoa', 'dalem', 'leceh', 'seksual']",2,0.0
215,"['mnjdi', 'poin', 'perintah', 'tutup', 'arah', 'arah', 'seksual', 'zinah', 'permen', 'bsa', 'menaggulangi', 'keras', 'seksual', 'bagai mana', 'gaul', 'bebas', 'ranah', 'pemuda', 'mahasiswa', 'nahh', 'jga', 'pikir', 'bagai mana', 'nntinya', 'hubung', 'seksual', 'pemuda', 'kayak', 'ndak', 'batas', 'norma', 'dalem', 'gaul', 'hidup', 'bebas', 'bebas', 'sungguh', 'norma', 'agama']",0,0.0
216,"['leceh', 'sesk', 'byk', 'bujuk', 'dn', 'ahirnya', 'perkosa', 'karna', 'jalan', 'karna', 'ga']",1,0.0
217,"['orang', 'culun', 'gtu']",0,2.0
218,"['audio', 'editingnya', 'jancukk']",0,2.0
219,"['masak', 'frase', 'tuju', 'pribadi', 'ganti', 'ijin', 'partai', 'mu', 'solusi', 'frase', 'bae', 'jngan', 'protes', 'belok', 'cocok', 'untk', 'dn', 'jngan', 'mudah', 'nuntut', 'untk', 'hapus', 'solusi', 'cetek']",2,1.0
220,"['ganti', 'tri', 'dr', 'kadrun', 'goyang', 'lihat', 'pariwisata', 'adem', 'wisnutama', 'hebat', 'tdk', 'kutik', 'jd', 'tri', 'keliling', 'kadrun']",0,1.0
221,"['protes', 'dn', 'cari', 'celah', 'tolol', 'udah', 'konteks', 'uu', 'untk', 'keras', 'seksual', 'paham', 'fokus', 'uu', 'aoa', 'klw', 'masalah', 'zina', 'selingkuh', 'beda', 'dn', 'kuhp', 'klw', 'tolol', 'lahir', 'susah']",2,0.0
222,"['tolak', 'milik', 'pikir', 'konsevatif', 'fundamental', 'wkwkwwkwk']",2,0.0
223,"['kritik', 'emang', 'leceh', 'seksual', 'gak', 'keras', 'dn', 'hasil', 'tuju', 'org', 'opini', 'nama', 'leceh', 'verbal', 'non', 'verbal', 'panjenengan', 'maksud', 'keras', 'dn', 'org', 'macem', 'aoa', 'ngasih', 'tuju', 'org', 'leceh']",2,0.0
224,"['kembang', 'pola', 'fikir', 'anehny', 'dn', 'dangkal', 'dalem', 'tolak', 'ppks', 'sllu', 'logika', 'balik', 'dalem', 'argumen', 'tolak', 'ndak', 'suka', 'ikut', 'partai', 'keras', 'seksual']",2,0.0
225,"['mendi', 'diem', 'borr', 'drpd', 'resiko', 'udh', 'serah', 'indonesia', 'jd', 'aoa', 'bodoamat']",0,2.0
226,"['aoa', 'susah', 'uninstal', 'diksi', 'tuju', 'korban', 'nama', 'korban', 'tuju']",1,0.0
227,"['legal', 'zinah', 'pasal', 'zinah', 'kuhp', 'syarat', 'salah', 'laku', 'hrs', 'dalem', 'hubung', 'nikah', 'kayak', 'atur', 'selingkuh', 'klw', 'laku', 'blm', 'meni', 'bsa', 'jerat', 'hukum', 'pasal', 'zinah', 'bsa', 'gak', 'kuhp', 'bilang', 'legal', 'zinah', 'so', 'klw', 'masalh', 'multi', 'tafsir', 'pasal', 'udah', 'bsa', 'ko', 'tafsir']",1,0.0
228,"['gak', 'lulus', 'untk', 'uji', 'matkul', 'uji', 'ulang', 'temu', 'oyo', 'gak', 'gak', 'lulus', 'alam', 'pribadi', 'mantan', 'goa', 'ancem', 'gitu']",2,1.0
229,"['gampang', 'tinggal', 'uninstal', 'tuju', 'selese', 'urus']",1,1.0
230,['kacau'],0,2.0
231,"['niat', 'bae', 'jalan', 'keliru', 'klw', 'zinah', 'ilegal', 'bsa', 'pidana', 'usaha', 'atur', 'kuhp', 'jngan', 'dompleng', 'masalh', 'keras', 'seksual', 'riil', 'dn', 'urgent', 'ruu', 'ks', 'skrg', 'permendikbud', 'apa', 'niat', 'tindak', 'hambat']",2,2.0
232,"['norma', 'agama', 'atur', 'kampus', 'masyarakat', 'blm', 'kuat', 'buat', 'atur', 'beda', 'fokus', 'zinah', 'sex', 'nikah', 'atur', 'zinah', 'isi', 'aoa', 'hukum', 'kriteria', 'fisi', 'dlsb']",0,1.0
233,"['fokus', 'permen', 'keras', 'seksual', 'zinah']",2,1.0
234,"['kadrun', 'apaa', 'kadal', 'gurun', 'katak', 'bhirun', 'kuntrun', 'kadrun', 'ucap', 'suka', 'pakai', 'org', 'aku', 'dizolimi', 'pada hal', 'asli', 'jilat', 'ludah', 'dn', 'ucap', 'pkl']",1,0.0
235,"['the', 'ugly', 'truth']",1,2.0
236,"['partai', 'korupsi', 'sapi', 'kedok', 'holaqoh', 'juz', 'amma']",0,0.0
237,"['ajar', 'hukum', 'om', 'baca', 'produk', 'hukum', 'kayak', 'baca', 'novel']",1,1.0
238,"['tuju', 'keras', 'seksual', 'buat', 'sex', 'luar', 'nikah', 'keras', 'seksual', 'buat', 'langgar', 'norma', 'agama', 'baca', 'bener']",1,1.0
239,"['consent', 'indonesia', 'ambil', 'brng', 'org', 'ijin', 'consent', 'bsa', 'kategori', 'tindak', 'curi']",1,0.0
240,['waw'],0,2.0
241,"['woahh', 'parah', 'anjir']",0,0.0
242,"['parah', 'bgt']",0,0.0
243,"['diberitahukan', 'fihak', 'sekolah', 'kampus']",2,1.0
244,"['aldo', 'binar', 'udh', 'clear', 'dosen', 'udh', 'depak', 'sm', 'fihak', 'kampus', 'bukti', 'cakap', 'tsb']",2,0.0
245,"['udh', 'baca', 'uu', 'hilang', 'tuju', 'bsa', 'kategori', 'leceh', 'seksual', 'kontak', 'pisik', 'tp', 'tuju', 'laku', 'tawar', 'transaksi', 'sex', 'missal', 'lu', 'ditawarin', 'dosen', 'nilai', 'tp', 'lu', 'photo', 'telanjang', 'verbal', 'lu', 'udh', 'bsa', 'jd', 'alat', 'lapor', 'transaksi', 'tuju', 'lu', 'gw', 'lihat', 'lu', 'make', 'photo', 'ginian', 'mampu', 'paham', 'udh', 'atas']",0,1.0
246,"['alluxes', 'ohh', 'permen', 'dosen', 'nawarin', 'sex', 'aman', 'gak', 'bsa', 'dijadiin', 'alat', 'bukti']",2,0.0
247,"['awi', 'asnawi', 'gak', 'bsa', 'blm', 'kontak', 'pisik', 'teman', 'gw', 'dlu', 'korban', 'laporin', 'aoa', 'bsa', 'dn', 'dasar', 'aoa', 'dalem', 'permendikbud', 'catt', 'calling', 'bsa', 'anggap', 'leceh']",2,0.0
248,"['alluxes', 'literasi', 'edukasi', 'mlh', 'nyerang']",1,2.0
249,"['aufa', 'billah', 'literasi', 'jga', 'tipe', 'org', 'mikirnya', 'ngeres', 'mulu', 'jd', 'susah', 'proses', 'positiv', 'informasi', 'kait', 'seksual']",1,1.0
250,"['alluxes', 'iya', 'bnr', 'aoa', 'aoa', 'kait', 'pro', 'zinah', 'pasal', 'beban', 'untk', 'buat', 'a susila', 'berfikirnya']",1,0.0
251,"['leceh', 'verbal', 'udh', 'pasal', 'kuhp', 'dn', 'kuhp', 'udh', 'leceh', 'verbal', 'sentuh', 'ato', 'interface']",1,0.0
252,"['dapat', 'aq', 'zinah', 'sadar', 'suka', 'suka', 'tekan', 'keras', 'perzinahan', 'ndak', 'perbutan', 'butuh', 'tekan', 'keras']",2,1.0
253,"['judul', 'oke', 'isi', 'legal', 'keras', 'tlg', 'baca', 'isi', 'teliti', 'tri']",2,1.0
254,"['tuju', 'bae', 'bagai mana', 'mas', 'tri', 'frase', 'dalem', 'permendikbud', 'tuju', 'klw', 'tuju', 'boleh']",2,1.0
255,"['byk', 'bacot', 'nadiem', 'salah', 'ngeyel', 'lo']",1,0.0
256,['asatgfiruloh'],0,2.0
257,"['munkin', 'makarim', 'sukak', 'sex']",1,2.0
258,['dajal'],0,0.0
259,"['hrs', 'kl', 'keras', 'sex', 'pd', 'wanita', 'apa', 'alesanya', 'kl', 'bukti', 'disetubuhin', 'perempuan', 'hrs', 'laki', 'laki', 'hukum', 'berat', 'walau pun', 'perempuan', 'ngasi', 'brng', 'kl', 'laki', 'laki', 'jaga', 'jakar', 'tdk', 'kl', 'guru', 'polisi', 'keras', 'sex', 'hrs', 'pecat', 'dn', 'hukum', 'umur', 'hidup']",2,2.0
260,"['tokoh', 'wanita', 'diem', 'aoa']",0,1.0
261,"['ngenyel', 'bgt', 'kadrun', 'ama', 'permendikbud', 'tuju', 'udah', 'untk', 'lindung', 'korban', 'keras', 'seksual', 'lingkung', 'guru', 'dalem', 'permendikbud', 'ndak', 'arah', 'zinah', 'hadehh', 'hadeh', 'negara', 'aq', 'sayang', 'ribet', 'klw', 'ngomongin', 'atur', 'zinah', 'sono', 'usul', 'dpr', 'untk', 'atur', 'jngan', 'sangkut', 'paut', 'ama', 'ruang', 'lingkup', 'konteks', 'permendikbud']",1,0.0
262,"['ndak', 'ndak', 'pisah', 'kelas', 'khusus', 'laki', 'laki', 'dn', 'kelas', 'khusus', 'perempuan', 'macem', 'gerbong', 'kereta']",2,0.0
263,"['kali', 'mahasiswa', 'tolak', 'tunggang', 'ulama', 'kadron', 'otak', 'mesum', 'sllu', 'paham', 'salah', 'permendikbud', 'legal', 'sek', 'bebas', 'dn', 'lgbt']",1,0.0
264,"['udah', 'perintah', 'beliau', 'presiden', 'jokowi', 'tanggung', 'didik']",0,1.0
265,"['semangat', 'harga', 'ttp', 'mslhx', 'adh', 'norma', 'tulis', 'frase', 'tuju', 'bukti', 'legalx', 'sex', 'tuju']",2,1.0
266,"['klw', 'tubuh', 'bungkus', 'kayak', 'permen', 'lollipop', 'gak', 'giur', 'udah', 'bungkus', 'jga', 'bentuk', 'tutup', 'bungkus', 'faham', 'sampek', 'mahaciwi']",2,0.0
267,"['ojk', 'ga', 'berani', 'tutup', 'pinjol', 'legal', 'pdhl', 'praktek', 'bunga', 'pinjol', 'legal', 'tinghi', 'bngt', 'ojk', 'ngga', 'rugi', 'pinjol', 'ngga', 'bngt', 'mikirin', 'pinjol', 'bahasa', 'lampau', 'emang', 'guwe', 'pikirin']",0,0.0
268,"['riil', 'bgt', 'keras', 'seksual', 'kampus', 'darurat', 'knp', 'oknum', 'tdk', 'tuju', 'permendikbud', 'alesanya', 'konotasi', 'halal', 'zinah', 'tragis', 'negri']",2,1.0
269,"['ruu', 'jngan', 'disamain', 'kyk', 'apps', 'tuju', 'install', 'apps', 'smartphone', 'hihihi']",0,1.0
270,"['permendikbudristek', 'udah', 'terap', 'klu', 'paksa', 'dn', 'keras', 'alias', 'perkosa', 'nggak', 'bsa', 'benar', 'kecuali', 'suka', 'dn', 'senang', 'bsa', 'terap', 'permen', 'terap', 'sesuai', 'kaedah', 'kaedah', 'hukum', 'dn', 'norma', 'norma', 'sopan', 'alias', 'jngan', 'tonton']",2,1.0
271,['ngeyel'],0,2.0
272,"['hadeh', 'ahirnya', 'lgbt', 'gak', 'kelas', 'pesantren', 'byk', 'lgbt', 'diem', 'diem']",1,0.0
273,"['bukti', 'aoa', 'aq', 'rasa', 'teman', 'aq', 'pesantren', 'belok', 'ndak', 'lawan', 'jenis', 'narapidana', 'jga', 'seprrti']",0,0.0
274,"['efek', 'tri', 'comot', 'gak', 'gak', 'org', 'pandai', 'indonesia']",0,1.0
275,"['tri', 'jga', 'hrs', 'musyawarah', 'ma', 'mui', 'nu', 'muhamdiah', 'deal', 'jngan', 'aj', 'comot']",0,0.0
276,"['ancur', 'iman', 'ancur', 'ahklak', 'norma', 'tekan', 'kait', 'ga', 'becus', 'ngajar', 'ngedidik', 'murid', 'langgar', 'pecat', 'kasi', 'sen', 'bener', 'murid', 'bener', 'oknum', 'hrs', 'babad', 'musnah']",1,1.0
277,"['enak', 'suka', 'suka', 'bebas', 'gak', 'pidana', 'kaya', 'kucing', 'kawin', 'mna']",2,1.0
278,"['otak', 'mesum', 'serap', 'frase', 'tuju', 'tuju', 'dalih', 'sex', 'bebas', 'tameng', 'kadrun', 'otak', 'mesum', 'aoa', 'kontroversi', 'negativ', 'otak', 'iya', 'konteks', 'leceh', 'dn', 'keras', 'sex', 'isi', 'atur', 'bnr', 'lari', 'zinah', 'wani', 'piro', 'undang', 'prostitusi', 'jg', 'aoa']",1,0.0
279,"['kadrun', 'doyan', 'cabul', 'gak', 'terima', 'gak', 'bsa', 'mesum', 'gara', 'atur']",1,0.0
280,"['dalem', 'darurat', 'sedih', 'didik', 'ndak', 'didik']",2,0.0
281,"['usul', 'tri', 'klu', 'blh', 'maha', 'siswa', 'uji', 'smester', 'klu', 'blm', 'bsa', 'blm', 'uang', 'dmester', 'klu', 'blhkan', 'ttap', 'mask', 'uji', 'ttp', 'bayar', 'maha', 'siswa', 'indonesia', 'swasta', 'negri', 'situasi', 'kopit', 'pulih', 'ekonomi', 'org', 'tua', 'lg', 'susah', 'cari', 'mkn', 'cm', 'usul', 'mksh', 'tri', 'thn', 'dn', 'byr', 'stengah', 'seluru', 'jgn', 'pilih', 'klu', 'blm', 'uang', 'klu', 'blhlkan', 'smseter', 'uji', 'maha', 'siswa', 'mksih', 'presiden']",2,1.0
282,"['lancar', 'bisnis', 'hotel']",1,1.0
283,"['dah', 'hormat', 'mundur']",1,0.0
284,"['atur', 'dalem', 'konteks', 'keras', 'seksual', 'zinah', 'beda', 'konteks', 'beda', 'jga', 'atur', 'mhn', 'simak', 'komentar', 'keras', 'istilah', 'tuju', 'atur', 'matang']",2,1.0
285,"['atur', 'leceh', 'sexual', 'nakarim', 'bikin', 'celah', 'sex', 'bebas', 'akal', 'hasil', 'survey', 'korban', 'rugi']",1,0.0
286,"['oke', 'nadiem', 'atur', 'gak', 'dosen', 'cabul', 'berani', 'megang', 'tangan', 'pundak', 'mahasiswi', 'ijin', 'ga', 'dosen', 'genit', 'manggil', 'mahasiswi', 'syg', 'love', 'you', 'ijin', 'mahasiswi', 'klw', 'tdk', 'ijin', 'dosen', 'cabul', 'dalih', 'pegang', 'tangan', 'gurau', 'foto', 'dn', 'ga', 'bsa', 'pidana', 'permen', 'dosen', 'cabul', 'gemeteran', 'waswas', 'aksi', 'salah', 'klw', 'ijin', 'mahasiswi', 'dosen', 'cabul', 'bsa', 'kena', 'pidana', 'leceh', 'seksual']",2,0.0
287,"['permendikbudristekdikti', 'pasal', 'boleh', 'zinah', 'hrs', 'revisi', 'pasal', 'tsb', 'tentang', 'panca sila', 'sila', 'tuhan', 'maha', 'esa', 'tuju', 'bae', 'jngan', 'lawan', 'syar', 'at']",1,1.0
288,"['udh', 'ganti', 'menteri', 'sekolah', 'didik', 'amburadul', 'jaman', 'skrg']",1,1.0
289,"['hukum', 'mati', 'slesai']",0,1.0
290,"['laki', 'laki', 'perempuan', 'aoa']",0,2.0
291,"['gawat', 'daruat', 'kampus', 'karenahukum', 'ndak', 'jalan', 'klw', 'nadim', 'makarim', 'ndak', 'silah', 'mundur', 'ke pada', 'org', 'anggap', 'ingat', 'kampus', 'untk', 'manusia', 'manusia', 'untk', 'ternak', 'lacur']",1,0.0
292,"['untung', 'lobang', 'hidung', 'dn', 'lobang', 'pantat', 'lumayan', 'bayar', 'hutang']",0,0.0
293,"['kasi', 'pada hal', 'keluarga', 'islami', 'bgt', 'comot', 'jaring', 'islam', 'liberal']",1,1.0
294,"['kecebong', 'tukang', 'zinah', 'bahagia', 'bang', 'gerebek', 'zinah', 'gabisa', 'jerat', 'hukum']",1,1.0
295,"['kadrun', 'ituh', 'suka', 'pake', 'koteka']",0,1.0
296,"['myth', 'randir', 'zinahnya', 'cebong', 'lindung', 'negara']",0,1.0
297,"['ngotot', 'bsa', 'ledak', 'populasi', 'indonesia', 'nie', 'byk', 'anak', 'hasil', 'hubung', 'luar', 'nikah']",1,0.0
298,"['org', 'beda', 'paham', 'klu', 'tuju', 'klu', 'tuju', 'zinah']",0,1.0
299,"['dias', 'channel', 'klw', 'tuju', 'dn', 'zinah', 'ndak', 'pakai', 'atur', 'permendikbud', 'no', 'bsa', 'alih', 'undang', 'undang', 'atur', 'zinah']",2,1.0
300,"['dias', 'channel', 'baca', 'bae', 'bae', 'suupaya', 'paham', 'gak', 'inget', 'konteks', 'muat', 'keras', 'kandung', 'tuju', 'ndak', 'undang', 'undang', 'zinah', 'beuh']",2,1.0
301,"['purnomo', 'bnr']",2,2.0
302,"['purnomo', 'gitu', 'ntar', 'mlh', 'bentur', 'hantar', 'undang', 'gimana', 'laku', 'sembunyi', 'tuju', 'dalem', 'permendikbud', 'no', 'aoa', 'undang', 'bsa', 'jerat', 'laku']",1,1.0
303,"['bayu', 'hasanudin', 'justeru', 'klw', 'tuju', 'jerat', 'permendikbud', 'no']",2,0.0
304,"['purnomo', 'mksd', 'ane', 'gin', 'permendikbud', 'no', 'tindak', 'sbg', 'keras', 'seksual', 'tuju', 'korban', 'korban', 'tuju', 'aoa', 'keras', 'seksual', 'ndak', 'trus', 'fungsi', 'permen', 'aoa', 'iya', 'ane', 'permen', 'fungsi', 'sbg', 'benteng', 'korban', 'laku', 'keras', 'seksual', 'in', 'other', 'side', 'ane', 'permen', 'scr', 'gak', 'langsung', 'legal', 'sex', 'bebas', 'tuju', 'korban', 'ane', 'gak', 'permen', 'burukk', 'ane', 'permen', 'worth', 'it', 'tuju', 'korban', 'permen', 'konfirmasi', 'dn', 'paten', 'tuju', 'korban', 'dalam', 'ane', 'tolak', 'keras']",1,0.0
305,"['bayu', 'hasanudin', 'leceh', 'seksual', 'dlm', 'bentuk', 'tindak', 'byk', 'bentuk', 'leceh', 'seksual', 'bsa', 'verbal', 'guna', 'otoritas', 'foto', 'vidio', 'pandang', 'dn', 'siul', 'bsa', 'leceh', 'seksual', 'klw', 'tdk', 'nama', 'tuju', 'korban', 'laku', 'bsa', 'dalih', 'senggol', 'gurau', 'foto', 'jalan', 'tugas', 'dn', 'ga', 'bsa', 'pidana', 'contoh', 'klw', 'org', 'foto', 'wanita', 'bsa', 'leceh', 'klw', 'tuju', 'wanita', 'klw', 'foto', 'ambil', 'tuju', 'wanita', 'dn', 'wanita', 'ga', 'terima', 'bsa', 'leceh', 'seksual', 'tentu', 'leceh', 'seksual', 'pks', 'mui', 'elu', 'korban', 'rasa']",2,0.0
306,"['purnomo', 'ngga', 'btw', 'hukum', 'zinah', 'kuhp', 'pasang', 'meni', 'blm', 'meni', 'mah', 'gaada', 'atur', 'negara', 'suka', 'suka', 'mah']",1,1.0
307,"['kucingmasjid', 'nuntut', 'kuhp', 'mendikbud', 'mendikbud', 'ikut', 'atur']",0,1.0
308,"['zinah', 'mana', 'dn', 'dosen', 'enak', 'byk', 'placur', 'kampus']",1,1.0
309,"['jga', 'anak', 'berzinah', 'dosen', 'bimbing', 'usia', 'banyak', 'ga', 'kasih', 'ijin']",0,1.0
310,"['nilai', 'oke', 'terusin', 'dosenn', 'gak', 'aoa', 'aoa', 'nilai', 'oke', 'ahirnya', 'cocok', 'tanam', 'kake', 'sugiono', 'rajalela', 'mengecrott', 'crott', 'crott']",1,1.0
311,"['idham', 'coy', 'lihat', 'laku', 'kadrun', 'sok', 'agama', 'lihat', 'bentuk', 'macem', 'komen', 'pikir', 'ga', 'selangkang', 'ajar', 'ulama']",1,1.0
312,"['jhon', 'ghost', 'ngapah', 'jd', 'sosoh']",0,2.0
313,"['syariat', 'dikit', 'ngomong', 'agama', 'syariat', 'poligami', 'bik', 'bnyak', 'bolih', 'cma', 'dalih', 'bodoh', 'puih', 'bulsit']",0,0.0
314,"['wiji', 'asih', 'knp', 'poligami', 'lu', 'iri', 'agama', 'lu', 'gak', 'bsa', 'poligami', 'poligami', 'islam', 'gak', 'bsa', 'syarat', 'laku', 'dn', 'susah', 'gak', 'bsa', 'penuh', 'syarat', 'gak', 'bsa', 'poligami']",2,0.0
315,"['muhammad', 'widi', 'sya', 'bani', 'hh', 'aq', 'islam', 'aq', 'muslim', 'tpi', 'jjik', 'poligami', 'aq', 'gk', 'mcm', 'elu', 'doyan', 'kangkang', 'doyan', 'poligami', 'poligami', 'susah', 'ijab', 'siri', 'sdah', 'syah', 'bik', 'bsa']",0,1.0
316,"['udah', 'kadrun', 'tolak', 'undang', 'undang', 'keras', 'seksual']",1,2.0
317,"['lebih', 'bayar', 'kadrun', 'ituh', 'suka', 'pake', 'koteka']",0,1.0
318,"['udah', 'kadrun', 'tolak', 'uu', 'keras', 'sexual']",1,0.0
319,"['lebih', 'bayar', 'udh', 'gaji', 'blm']",0,1.0
320,"['keluarga', 'bintang', 'gaji', 'hahaha', 'fakta', 'hahaha', 'gak', 'nangkep', 'bgt', 'makna', 'aoa', 'sampaiin', 'mas', 'nadiem']",0,1.0
321,"['nadim', 'adap', 'revisi']",1,2.0
322,"['udah', 'kadrun', 'tolak', 'undang', 'undang', 'keras', 'seksual']",2,2.0
323,"['lebih', 'bayar', 'udh', 'gaji']",0,1.0
324,"['adab', 'mah', 'cabut', 'hitam', 'putih', 'mnjdi', 'abu', 'abu']",2,0.0
325,"['sibuk', 'atur', 'dn', 'bisa', 'atur', 'habit', 'negara', 'gagal']",0,1.0
326,"['korban', 'rayu', 'laku', 'buka', 'baju', 'lapor', 'alesanya', 'aku', 'paksa', 'laku', 'gimana']",0,0.0
327,['tuju'],2,1.0
328,"['semangat', 'bang', 'tri']",2,1.0
329,"['ttp', 'semangat', 'jaya', 'rahayu', 'ayom', 'ayem', 'tri']",2,1.0
330,"['maju', 'mas', 'tri', 'pengaruh', 'barat', 'enggak', 'byk', 'jga', 'negara', 'islam', 'ndak', 'duli', 'keras', 'seksual', 'dn', 'ndak', 'terap', 'tara', 'gender', 'dn', 'barat', 'lbh', 'byk', 'negara', 'duli', 'keras', 'seksual']",2,1.0
331,"['oknum', 'jahat', 'dalem', 'dunia', 'didik', 'hrs', 'bersih', 'dunia', 'didik', 'ramah', 'untk', 'maju', 'mas', 'tri']",2,1.0
332,"['maju', 'mas', 'tri', 'sehat', 'sllu', 'maju', 'indonesia']",2,1.0
333,"['keras', 'seksual', 'kampus', 'lha', 'ajar', 'online', 'iya', 'keras', 'sexual', 'online']",2,1.0
334,"['keras', 'seksual', 'gimana', 'suka', 'suka', 'jerit', 'sakit', 'aoa', 'jga', 'keras', 'gak', 'suka', 'diem', 'merem', 'melek', 'gimana']",0,1.0
335,"['lanjut', 'mas', 'tri', 'nyirnyir', 'mmg', 'mrk', 'kerja', 'mutarbalik', 'fakta', 'mrk', 'bodoh', 'dn', 'mabok', 'agama', 'otak', 'mesyumm', 'mrk', 'org', 'parte', 'konthol', 'api', 'pk']",2,0.0
336,"['rujuk', 'fisi', 'kbbi']",0,2.0
337,"['org', 'ndak', 'etika', 'moril', 'org', 'indonesia', 'suruh', 'ngurus', 'didik', 'indonesia', 'mmbuat', 'atur', 'bumbu', 'sperti', 'moral', 'org', 'barat', 'pada hal', 'didik', 'pondasi', 'grnerasi', 'muda', 'moral', 'bae']",1,1.0
338,"['aduh', 'kemayu', 'bgt', 'suara']",0,2.0
339,"['anggap', 'perempuan', 'alat', 'muas', 'kayak', 'boneka', 'barbie', 'bsa', 'colet', 'suka']",0,1.0
340,"['tri', 'urus', 'sex', 'bebas']",0,0.0
341,"['byk', 'kritik', 'mk', 'tdk', 'bnr', 'jk', 'ttp', 'paksa', 'mk', 'taat', 'beri', 'sanksi', 'aoa', 'bsa', 'teladan']",2,2.0
342,"['suruh', 'ngojek']",0,0.0
343,"['acak', 'acak', 'udh', 'ancur', 'khan', 'puas', 'wanita', 'jaga', 'mlh', 'aman', 'sekolah']",2,0.0
344,"['iya', 'jatuh', 'manipulatif', 'dn', 'paksa', 'tetep', 'bentuk', 'keras', 'dn', 'sebab', 'trauma', 'laku', 'malu', 'bsa', 'harga', 'dn', 'org', 'org', 'wibawa', 'gak', 'berfikir', 'untk', 'ngelakuin']",0,1.0
345,"['jessi', 'orang', 'pacar', 'complicated', 'putus', 'lapor', 'jadi', 'tsb', 'landas', 'suka', 'suka', 'gimana']",0,1.0
346,"['cabut', 'dn', 'revisi', 'solusi']",1,0.0
347,"['cabut', 'dn', 'revisi', 'solusi']",1,0.0
348,"['photo', 'pajang', 'zer', 'kasi', 'photo', 'mosok', 'emak', 'jilbab', 'halal', 'zinah']",1,2.0
349,"['omongane', 'rek', 'bayangin', 'nek', 'ibu', 'adik', 'anak', 'perempuan', 'jamah', 'org', 'paksa', 'mikir']",0,0.0
350,"['pikir', 'gak', 'etika', 'gak', 'baca', 'tuju', 'dn', 'konteks', 'permendikbud', 'malu', 'ama', 'wkwkkwkw']",0,1.0
351,"['suara', 'kayk']",0,1.0
352,"['sok', 'iye', 'bgt', 'gin', 'ngaca', 'napa', 'inget', 'umur', 'woi']",0,1.0
353,"['kalu', 'keras', 'seksual', 'mana', 'tempat', 'udah', 'ranah', 'pidana', 'ngapain', 'permendikbud', 'kuhp', 'nggak']",1,0.0
354,"['uu', 'pasal', 'kuhp', 'ngatur', 'kers', 'seksual']",2,0.0
355,"['gak', 'dn', 'kuhp', 'gak', 'byk', 'baca', 'data', 'dn', 'perspektif', 'nyata', 'kompor', 'liat', 'judul', 'berita', 'kuhp', 'gak', 'untk', 'cegah', 'lindung', 'dn', 'merehabilitas', 'korban', 'pasal']",0,2.0
356,"['kacau', 'tri', 'tri']",1,2.0
357,"['permen', 'sederhana', 'permen', 'untk', 'lindung', 'korban', 'leceh', 'seksual', 'tuju', 'korban', 'aq', 'definisi', 'leceh', 'seksual', 'tindak', 'org', 'ke pada', 'org', 'org', 'ndak', 'tindak', 'bener', 'tuju', 'korban', 'konteks', 'sampek', 'situ', 'selese', 'jngan', 'tambah', 'klw', 'tuju', 'cerita', 'klw', 'suka', 'suka', 'zinah', 'leceh', 'seksual']",2,2.0
358,"['tumpang', 'gelap', 'finis', 'dn', 'liberalisme']",0,0.0
359,['lapor'],0,1.0
360,"['tenaga', 'honor', 'kodya', 'bandar', 'lampung', 'blm', 'gaji', 'tlg', 'pa', 'tri', 'makarim']",0,0.0
361,"['klw', 'korban', 'boleh', 'untk', 'leceh', 'tubuh', 'nama', 'biar', 'zina', 'jga', 'legal', 'zinah', 'dekat', 'zinah', 'gk', 'lbh', 'undang', 'hrs', 'tolak', 'dn', 'jgn', 'biar', 'legal']",1,0.0
362,"['tri', 'mendikbud', 'dn', 'menagnya']",0,2.0
363,"['korban', 'gpp', 'ndak', 'paksa', 'bsa', 'wik', 'wik', 'kampus', 'enak', 'pda', 'hotel', 'byar']",1,0.0
364,"['topik', 'gak', 'kualitas', 'kasihan', 'bangsa', 'maju']",0,1.0
365,"['dhungu', 'suka', 'ngibul']",0,1.0
366,"['laku', 'suka', 'suka', 'ikat', 'nikah', 'syah', 'nama', 'melelgalkan', 'zinah']",0,1.0
367,"['atur', 'klw', 'anak', 'tuju', 'giitu', 'gapapa', 'awkwk', 'goblog']",1,1.0
368,"['otak', 'dah', 'gak', 'jalan', 'rusak']",0,1.0
369,"['tri', 'henti', 'polemik', 'dn', 'panik', 'org', 'awam', 'kayak']",1,0.0
370,"['klw', 'kampus', 'sex', 'tuju', 'suka', 'suka', 'gmna']",0,1.0
371,"['ama', 'ko', 'pintar', 'pura', 'bodoh']",0,0.0
372,"['suka', 'putar', 'tri', 'nadim', 'anak', 'negri', 'ri', 'gatal', 'mulut', 'baris', 'sakit', 'hati', 'loos', 'job', 'pecat']",1,0.0
